from,full_desc,source,source_desc,sector,sector_desc,units_abbv,units
ABICB,aviation gasoline blending components consumed by the industrial sector,AB,aviation gasoline blending components,IC,industrial sector,B,billion btu
ABICP,aviation gasoline blending components consumed by the industrial sector,AB,aviation gasoline blending components,IC,industrial sector,P,thousand barrels
ARICB,asphalt and road oil consumed by the industrial sector,AR,asphalt and road oil,IC,industrial sector,B,billion btu
ARICD,asphalt and road oil price in the industrial sector,AR,asphalt and road oil,IC,industrial sector,D,dollars per million btu
ARICP,asphalt and road oil consumed by the industrial sector,AR,asphalt and road oil,IC,industrial sector,P,thousand barrels
ARICV,asphalt and road oil expenditures in the industrial sector,AR,asphalt and road oil,IC,industrial sector,V,million dollars
ARTCB,asphalt and road oil total consumption,AR,asphalt and road oil,TC,total consumption,B,billion btu
ARTCD,"asphalt and road oil average price, all sectors",AR,asphalt and road oil,TC,total consumption,D,dollars per million btu
ARTCP,asphalt and road oil total consumption,AR,asphalt and road oil,TC,total consumption,P,thousand barrels
ARTCV,asphalt and road oil total expenditures,AR,asphalt and road oil,TC,total consumption,V,million dollars
ARTXB,asphalt and road oil total end-use consumption,AR,asphalt and road oil,TX,all end-use sectors,B,billion btu
ARTXD,"asphalt and road oil average price, all end-use sectors",AR,asphalt and road oil,TX,all end-use sectors,D,dollars per million btu
ARTXP,asphalt and road oil total end-use consumption,AR,asphalt and road oil,TX,all end-use sectors,P,thousand barrels
ARTXV,asphalt and road oil total end-use expenditures,AR,asphalt and road oil,TX,all end-use sectors,V,million dollars
AVACB,aviation gasoline consumed by the transportation sector,AV,aviation gasoline,AC,transportation sector,B,billion btu
AVACD,aviation gasoline price in the transportation sector,AV,aviation gasoline,AC,transportation sector,D,dollars per million btu
AVACP,aviation gasoline consumed by the transportation sector,AV,aviation gasoline,AC,transportation sector,P,thousand barrels
AVACV,aviation gasoline expenditures in the transportation sector,AV,aviation gasoline,AC,transportation sector,V,million dollars
AVTCB,aviation gasoline total consumption,AV,aviation gasoline,TC,total consumption,B,billion btu
AVTCD,"aviation gasoline average price, all sectors",AV,aviation gasoline,TC,total consumption,D,dollars per million btu
AVTCP,aviation gasoline total consumption,AV,aviation gasoline,TC,total consumption,P,thousand barrels
AVTCV,aviation gasoline total expenditures,AV,aviation gasoline,TC,total consumption,V,million dollars
AVTXB,aviation gasoline total end-use consumption,AV,aviation gasoline,TX,all end-use sectors,B,billion btu
AVTXD,"aviation gasoline average price, all end-use sectors",AV,aviation gasoline,TX,all end-use sectors,D,dollars per million btu
AVTXP,aviation gasoline total end-use consumption,AV,aviation gasoline,TX,all end-use sectors,P,thousand barrels
AVTXV,aviation gasoline total end-use expenditures,AV,aviation gasoline,TX,all end-use sectors,V,million dollars
BMTCB,biomass total consumption,BM,biomass,TC,total consumption,B,billion btu
BQICB,normal butane consumed by the industrial sector,BQ,normal butane,IC,industrial sector,B,billion btu
BQICP,normal butane consumed by the industrial sector,BQ,normal butane,IC,industrial sector,P,thousand barrels
BQTCB,normal butane total consumption,BQ,normal butane,TC,total consumption,B,billion btu
BQTCP,normal butane total consumption,BQ,normal butane,TC,total consumption,P,thousand barrels
BYICB,butylene from refineries consumed by the industrial sector,BY,butylene from refineries ,IC,industrial sector,B,billion btu
BYICP,butylene from refineries consumed by the industrial sector,BY,butylene from refineries ,IC,industrial sector,P,thousand barrels
BYTCB,butylene from refineries total consumption,BY,butylene from refineries ,TC,total consumption,B,billion btu
BYTCP,butylene from refineries total consumption,BY,butylene from refineries ,TC,total consumption,P,thousand barrels
CCEXB,coal coke exported from the united states ,CC,coal coke ,EX,exported from the united states,B,billion btu
CCEXD,"coal coke exports average price, united states",CC,coal coke ,EX,exported from the united states,D,dollars per million btu
CCEXP,coal coke exported from the united states ,CC,coal coke ,EX,exported from the united states,P,thousand short tons
CCEXV,"coal coke exports expenditures, united states",CC,coal coke ,EX,exported from the united states,V,million dollars
CCIMB,coal coke imported into the united states,CC,coal coke ,IM,imported into the united states,B,billion btu
CCIMD,"coal coke imports average price, united states",CC,coal coke ,IM,imported into the united states,D,dollars per million btu
CCIMP,coal coke imported into the united states,CC,coal coke ,IM,imported into the united states,P,thousand short tons
CCIMV,"coal coke imports expenditures, united states",CC,coal coke ,IM,imported into the united states,V,million dollars
CCNIB,coal coke net imports into the united states,CC,coal coke ,NI,net imports expenditures,B,billion btu
CCNIP,coal coke net imports into the united states,CC,coal coke ,NI,net imports expenditures,P,thousand short tons
CCNIV,"coal coke net imports expenditures, united states",CC,coal coke ,NI,net imports expenditures,V,million dollars
CLACB,coal consumed by the transportation sector,CL,coal,AC,transportation sector,B,billion btu
CLACD,coal price in the transportation sector,CL,coal,AC,transportation sector,D,dollars per million btu
CLACK,factor for converting coal consumed by the transportation sector from physical units to btu,CL,coal,AC,transportation sector,K,million btu per short ton
CLACP,coal consumed by the transportation sector,CL,coal,AC,transportation sector,P,thousand short tons
CLACV,coal expenditures in the transportation sector,CL,coal,AC,transportation sector,V,million dollars
CLCCB,coal consumed by the commercial sector,CL,coal,CC,commercial sector,B,billion btu
CLCCD,coal price in the commercial sector,CL,coal,CC,commercial sector,D,dollars per million btu
CLCCP,coal consumed by the commercial sector,CL,coal,CC,commercial sector,P,thousand short tons
CLCCV,coal expenditures in the commercial sector,CL,coal,CC,commercial sector,V,million dollars
CLEIB,coal consumed by the electric power sector,CL,coal,EI,electric power sector,B,billion btu
CLEID,coal price in the electric power sector,CL,coal,EI,electric power sector,D,dollars per million btu
CLEIK,factor for converting coal consumed by the electric power sector from physical units to btu,CL,coal,EI,electric power sector,K,million btu per short ton
CLEIP,coal consumed by the electric power sector,CL,coal,EI,electric power sector,P,thousand short tons
CLEIV,coal expenditures in the electric power sector,CL,coal,EI,electric power sector,V,million dollars
CLHCK,factor for converting coal consumed by the residential and commercial sectors from physical units to btu,CL,coal,HC,factor for converting coal consumed by the residential and commercial sectors physical units to btu,K,million btu per short ton
CLICB,coal consumed by the industrial sector,CL,coal,IC,industrial sector,B,billion btu
CLICD,coal price in the industrial sector,CL,coal,IC,industrial sector,D,dollars per million btu
CLICP,coal consumed by the industrial sector,CL,coal,IC,industrial sector,P,thousand short tons
CLICV,coal expenditures in the industrial sector,CL,coal,IC,industrial sector,V,million dollars
CLISB,coal consumed by the industrial sector excluding refinery fuel,CL,coal,IS,industrial sector excluding refinery fuel,B,billion btu
CLKCB,coal consumed at coke plants (coking coal),CL,coal,KC,coke plants (coking coal),B,billion btu
CLKCD,coal price at coke plants,CL,coal,KC,coke plants (coking coal),D,dollars per million btu
CLKCK,factor for converting coal consumed at coke plants from physical units to btu,CL,coal,KC,coke plants (coking coal),K,million btu per short ton
CLKCP,coal consumed at coke plants (coking coal),CL,coal,KC,coke plants (coking coal),P,thousand short tons
CLKCV,coal expenditures at coke plants,CL,coal,KC,coke plants (coking coal),V,million dollars
CLOCB,coal consumed by industrial users other than coke plants,CL,coal,OC,industrial users other than coke plants,B,billion btu
CLOCD,coal price in the industrial sector other than coke plants,CL,coal,OC,industrial users other than coke plants,D,dollars per million btu
CLOCK,factor for converting coal consumed by industrial users other than coke plants from physical units to btu,CL,coal,OC,industrial users other than coke plants,K,million btu per short ton
CLOCP,coal consumed by industrial users other than coke plants,CL,coal,OC,industrial users other than coke plants,P,thousand short tons
CLOCV,coal expenditures in the industrial sector other than coke plants,CL,coal,OC,industrial users other than coke plants,V,million dollars
CLOSB,coal consumed by the industrial sector other than coke plants excluding refinery fuel,CL,coal,OS,industrial sector excluding refinery fuel,B,billion btu
CLPRB,coal production,CL,coal,PR,production,B,billion btu
CLPRK,factor for converting coal production from physical units to btu,CL,coal,PR,production,K,million btu per short ton
CLPRP,coal production,CL,coal,PR,production,P,thousand short tons
CLRCB,coal consumed by the residential sector,CL,coal,RC,residential sector,B,billion btu
CLRCD,coal price in the residential sector,CL,coal,RC,residential sector,D,dollars per million btu
CLRCP,coal consumed by the residential sector,CL,coal,RC,residential sector,P,thousand short tons
CLRCV,coal expenditures in the residential sector,CL,coal,RC,residential sector,V,million dollars
CLRFB,coal consumed as refinery fuel,CL,coal,RF,refinery fuel,B,billion btu
CLSCB,coal total consumption adjusted for process fuel,CL,coal,SC,total primary energy and electricity consumed,B,billion btu
CLTCB,coal total consumption,CL,coal,TC,total consumption,B,billion btu
CLTCD,"coal average price, all sectors",CL,coal,TC,total consumption,D,dollars per million btu
CLTCP,coal total consumption,CL,coal,TC,total consumption,P,thousand short tons
CLTCV,coal total expenditures,CL,coal,TC,total consumption,V,million dollars
CLTXB,coal total end-use consumption,CL,coal,TX,all end-use sectors,B,billion btu
CLTXD,"coal average price, all end-use sectors",CL,coal,TX,all end-use sectors,D,dollars per million btu
CLTXP,coal total end-use consumption,CL,coal,TX,all end-use sectors,P,thousand barrels
CLTXV,coal total end-use expenditures,CL,coal,TX,all end-use sectors,V,million dollars
COICB,crude oil consumed by the industrial sector,CO,crude oil,IC,industrial sector,B,billion btu
COICP,crude oil consumed by the industrial sector,CO,crude oil,IC,industrial sector,P,thousand barrels
COPRK,factor for converting crude oil production from physical units to btu,CO,crude oil,PR,production,K,million btu per barrel
DFACB,distillate fuel oil consumed by the transportation sector,DF,distillate fuel oil,AC,transportation sector,B,billion btu
DFACD,distillate fuel oil price in the transportation sector,DF,distillate fuel oil,AC,transportation sector,D,dollars per million btu
DFACP,distillate fuel oil consumed by the transportation sector,DF,distillate fuel oil,AC,transportation sector,P,thousand barrels
DFACV,distillate fuel oil expenditures in the transportation sector,DF,distillate fuel oil,AC,transportation sector,V,million dollars
DFCCB,distillate fuel oil consumed by the commercial sector,DF,distillate fuel oil,CC,commercial sector,B,billion btu
DFCCD,distillate fuel oil price in the commercial sector,DF,distillate fuel oil,CC,commercial sector,D,dollars per million btu
DFCCP,distillate fuel oil consumed by the commercial sector,DF,distillate fuel oil,CC,commercial sector,P,thousand barrels
DFCCV,distillate fuel oil expenditures in the commercial sector,DF,distillate fuel oil,CC,commercial sector,V,million dollars
DFEIB,distillate fuel oil consumed by the electric power sector,DF,distillate fuel oil,EI,electric power sector,B,billion btu
DFEID,distillate fuel oil price in the electric power sector,DF,distillate fuel oil,EI,electric power sector,D,dollars per million btu
DFEIP,distillate fuel oil consumed by the electric power sector,DF,distillate fuel oil,EI,electric power sector,P,thousand barrels
DFEIV,distillate fuel oil expenditures in the electric power sector,DF,distillate fuel oil,EI,electric power sector,V,million dollars
DFICB,distillate fuel oil consumed by the industrial sector,DF,distillate fuel oil,IC,industrial sector,B,billion btu
DFICD,distillate fuel oil price in the industrial sector,DF,distillate fuel oil,IC,industrial sector,D,dollars per million btu
DFICP,distillate fuel oil consumed by the industrial sector,DF,distillate fuel oil,IC,industrial sector,P,thousand barrels
DFICV,distillate fuel oil expenditures in the industrial sector,DF,distillate fuel oil,IC,industrial sector,V,million dollars
DFISB,distillate fuel oil consumed by the industrial sector excluding refinery fuel,DF,distillate fuel oil,IS,industrial sector excluding refinery fuel,B,billion btu
DFRCB,distillate fuel oil consumed by the residential sector,DF,distillate fuel oil,RC,residential sector,B,billion btu
DFRCD,distillate fuel oil price in the residential sector,DF,distillate fuel oil,RC,residential sector,D,dollars per million btu
DFRCP,distillate fuel oil consumed by the residential sector,DF,distillate fuel oil,RC,residential sector,P,thousand barrels
DFRCV,distillate fuel oil expenditures in the residential sector,DF,distillate fuel oil,RC,residential sector,V,million dollars
DFRFB,distillate fuel oil consumed as refinery fuel,DF,distillate fuel oil,RF,refinery fuel,B,billion btu
DFSCB,distillate fuel oil total consumption adjusted for process fuel,DF,distillate fuel oil,SC,total primary energy and electricity consumed,B,billion btu
DFTCB,distillate fuel oil total consumption,DF,distillate fuel oil,TC,total consumption,B,billion btu
DFTCD,"distillate fuel oil average price, all sectors",DF,distillate fuel oil,TC,total consumption,D,dollars per million btu
DFTCK,"factor converting distillate fuel oil physical units to btu, united states only",DF,distillate fuel oil,TC,total consumption,K,million btu per barrel
DFTCP,distillate fuel oil total consumption,DF,distillate fuel oil,TC,total consumption,P,thousand barrels
DFTCV,distillate fuel oil total expenditures,DF,distillate fuel oil,TC,total consumption,V,million dollars
DFTXB,distillate fuel oil total end-use consumption,DF,distillate fuel oil,TX,all end-use sectors,B,billion btu
DFTXD,"distillate fuel oil average price, all end-use sectors",DF,distillate fuel oil,TX,all end-use sectors,D,dollars per million btu
DFTXP,distillate fuel oil total end-use consumption,DF,distillate fuel oil,TX,all end-use sectors,P,thousand barrels
DFTXV,distillate fuel oil total end-use expenditures,DF,distillate fuel oil,TX,all end-use sectors,V,million dollars
ELEXB,electricity exported from the united states,EL,electricity,EX,exported from the united states,B,billion btu
ELEXD,electricity exports average price,EL,electricity,EX,exported from the united states,D,dollars per million btu
ELEXP,electricity exported from the united states,EL,electricity,EX,exported from the united states,P,million kilowatthours
ELEXV,electricity exports expenditures,EL,electricity,EX,exported from the united states,V,million dollars
ELIMB,electricity imported into the united states,EL,electricity,IM,imported into the united states,B,billion btu
ELIMD,electricity imports average price,EL,electricity,IM,imported into the united states,D,dollars per million btu
ELIMP,electricity imported into the united states,EL,electricity,IM,imported into the united states,P,million kilowatthours
ELIMV,electricity imports expenditures,EL,electricity,IM,imported into the united states,V,million dollars
ELISB,net interstate flow of electricity and associated losses (negative and positive values),EL,electricity,IS,industrial sector excluding refinery fuel,B,billion btu
ELISP,net interstate flow of of electricity,EL,electricity,IS,industrial sector excluding refinery fuel,P,million kilowatthours
ELNIB,net imports of electricity into the united states,EL,electricity,NI,net imports expenditures,B,billion btu
ELNIP,net imports of electricity into the united states,EL,electricity,NI,net imports expenditures,P,million kilowatthours
EMACB,"fuel ethanol, excluding denaturant, consumed by the transportation sector   ",EM,"fuel ethanol, excluding denaturant",AC,transportation sector,B,billion btu
EMACV,"fuel ethanol, excluding denaturant, expenditures in the transportation sector (through 1992)",EM,"fuel ethanol, excluding denaturant",AC,transportation sector,V,million dollars
EMCCB,"fuel ethanol, excluding denaturant, consumed by the commercial sector ",EM,"fuel ethanol, excluding denaturant",CC,commercial sector,B,billion btu
EMCCV,"fuel ethanol, excluding denaturant, expenditures in the commercial sector (through 1992)",EM,"fuel ethanol, excluding denaturant",CC,commercial sector,V,million dollars
EMFDB,biomass inputs (feedstock) for the production of fuel ethanol,EM,"fuel ethanol, excluding denaturant",FD,for the production of fuel ethanol,B,billion btu
EMICB,"fuel ethanol, excluding denaturant, consumed by the industrial sector ",EM,"fuel ethanol, excluding denaturant",IC,industrial sector,B,billion btu
EMICV,"fuel ethanol, excluding denaturant, expenditures in the industrial sector (through 1992)",EM,"fuel ethanol, excluding denaturant",IC,industrial sector,V,million dollars
EMLCB,energy losses and co-products from the production of fuel ethanol,EM,"fuel ethanol, excluding denaturant",LC,production of fuel ethanol,B,billion btu
EMTCB,"fuel ethanol, excluding denaturant, total consumption",EM,"fuel ethanol, excluding denaturant",TC,total consumption,B,billion btu
EMTCV,"fuel ethanol, excluding denaturant, total expenditures (through 1992)",EM,"fuel ethanol, excluding denaturant",TC,total consumption,V,million dollars
ENACP,"fuel ethanol, including denaturant, consumed by the transportation sector",EN,"fuel ethanol, including denaturant",AC,transportation sector,P,thousand barrels
ENCCP,"fuel ethanol, including denaturant, consumed by the commercial sector",EN,"fuel ethanol, including denaturant",CC,commercial sector,P,thousand barrels
ENICP,"fuel ethanol, including denaturant, consumed by the industrial sector",EN,"fuel ethanol, including denaturant",IC,industrial sector,P,thousand barrels
ENPRP,"fuel ethanol production, including denaturant",EN,"fuel ethanol, including denaturant",PR,production,P,thousand barrels
ENTCK,factor for converting fuel ethanol consumption from physical units to btu,EN,"fuel ethanol, including denaturant",TC,total consumption,K,million btu per barrel
ENTCP,"fuel ethanol, including denaturant, total consumption",EN,"fuel ethanol, including denaturant",TC,total consumption,P,thousand barrels
EQICB,ethane consumed by the industrial sector,EQ,ethane,IC,industrial sector,B,billion btu
EQICP,ethane consumed by the industrial sector,EQ,ethane,IC,industrial sector,P,thousand barrels
EQTCB,ethane total consumption,EQ,ethane,TC,total consumption,B,billion btu
EQTCP,ethane total consumption,EQ,ethane,TC,total consumption,P,thousand barrels
ESACB,"electricity consumed by (i.e., sold to) the transportation sector",ES,electricity,AC,transportation sector,B,billion btu
ESACD,electricity price in the transportation sector,ES,electricity,AC,transportation sector,D,dollars per million btu
ESACP,"electricity consumed by (i.e., sold to) the transportation sector",ES,electricity,AC,transportation sector,P,million kilowatthours
ESACV,electricity expenditures in the transportation sector,ES,electricity,AC,transportation sector,V,million dollars
ESCCB,"electricity consumed by (i.e., sold to) the commercial sector",ES,electricity,CC,commercial sector,B,billion btu
ESCCD,electricity price in the commercial sector,ES,electricity,CC,commercial sector,D,dollars per million btu
ESCCP,"electricity consumed by (i.e., sold to) the commercial sector",ES,electricity,CC,commercial sector,P,million kilowatthours
ESCCV,electricity expenditures in the commercial sector,ES,electricity,CC,commercial sector,V,million dollars
ESICB,"electricity consumed by (i.e., sold to) the industrial sector",ES,electricity,IC,industrial sector,B,billion btu
ESICD,electricity price in the industrial sector,ES,electricity,IC,industrial sector,D,dollars per million btu
ESICP,"electricity consumed by (i.e., sold to) the industrial sector",ES,electricity,IC,industrial sector,P,million kilowatthours
ESICV,electricity expenditures in the industrial sector,ES,electricity,IC,industrial sector,V,million dollars
ESISB,electricity sales to the industrial sector excluding refinery use,ES,electricity,IS,industrial sector excluding refinery fuel,B,billion btu
ESRCB,"electricity consumed by (i.e., sold to) the residential sector",ES,electricity,RC,residential sector,B,billion btu
ESRCD,electricity price in the residential sector,ES,electricity,RC,residential sector,D,dollars per million btu
ESRCP,"electricity consumed by (i.e., sold to) the residential sector",ES,electricity,RC,residential sector,P,million kilowatthours
ESRCV,electricity expenditures in the residential sector,ES,electricity,RC,residential sector,V,million dollars
ESRFB,electricity consumed by refineries,ES,electricity,RF,refinery fuel,B,billion btu
ESSCB,electricity total consumption adjusted for process fuel,ES,electricity,SC,total primary energy and electricity consumed,B,billion btu
ESTCB,"electricity total consumption (i.e., retail sales)",ES,electricity,TC,total consumption,B,billion btu
ESTCD,"electricity average price, all sectors",ES,electricity,TC,total consumption,D,dollars per million btu
ESTCP,"electricity total consumption (i.e., retail sales)",ES,electricity,TC,total consumption,P,million kilowatthours
ESTCV,electricity total expenditures,ES,electricity,TC,total consumption,V,million dollars
ESTXB,"electricity total end-use consumption (i.e., retail sales)",ES,electricity,TX,all end-use sectors,B,billion btu
ESTXD,"electricity average price, all end-use sectors",ES,electricity,TX,all end-use sectors,D,dollars per million btu
ESTXP,"electricity total end-use consumption (i.e., retail sales)",ES,electricity,TX,all end-use sectors,P,million kilowatthours
ESTXV,electricity total end-use expenditures,ES,electricity,TX,all end-use sectors,V,million dollars
EYICB,ethylene from refineries consumed by the industrial sector,EY,ethylene from refineries,IC,industrial sector,B,billion btu
EYICP,ethylene from refineries consumed by the industrial sector,EY,ethylene from refineries,IC,industrial sector,P,thousand barrels
EYTCB,ethylene from refineries total consumption,EY,ethylene from refineries,TC,total consumption,B,billion btu
EYTCP,ethylene from refineries total consumption,EY,ethylene from refineries,TC,total consumption,P,thousand barrels
FFETK,"fossil fueled steam-electric power plant conversion factor, united states only",FF,fossil fueled,ET,miscellaneous,K,thousand btu per kilowatthour
FFTCB,fossil fuels total consumption,FF,fossil fueled,TC,total consumption,B,billion btu
FNICB,"petrochemical feedstocks, naphtha, less than 401° f, consumed by the industrial sector",FN,"petrochemical feedstocks, naphtha, less than 401 f",IC,industrial sector,B,billion btu
FNICD,"petrochemical feedstocks, naphtha less than 401° f, price in the industrial sector",FN,"petrochemical feedstocks, naphtha, less than 401 f",IC,industrial sector,D,dollars per million btu
FNICP,"petrochemical feedstocks, naphtha less than 401° f, consumed by the industrial sector",FN,"petrochemical feedstocks, naphtha, less than 401 f",IC,industrial sector,P,thousand barrels
FNICV,"petrochemical feedstocks, naphtha less than 401° f, expenditures in the industrial sector",FN,"petrochemical feedstocks, naphtha, less than 401 f",IC,industrial sector,V,million dollars
FOICB,"petrochemical feedstocks, other oils equal to or greater than 401° f, consumed by the industrial sector",FO,"petrochemical feedstocks, other oils equal to or greater than 401 f",IC,industrial sector,B,billion btu
FOICD,"petrochemical feedstocks, other oils equal to or greater than 401° f, price in the industrial sector",FO,"petrochemical feedstocks, other oils equal to or greater than 401 f",IC,industrial sector,D,dollars per million btu
FOICP,"petrochemical feedstocks, other oils equal to or greater than 401° f, consumed by the industrial sector",FO,"petrochemical feedstocks, other oils equal to or greater than 401 f",IC,industrial sector,P,thousand barrels
FOICV,"petrochemical feedstocks, other oils equal to or greater than 401° f, expenditures in the industrial sector",FO,"petrochemical feedstocks, other oils equal to or greater than 401 f",IC,industrial sector,V,million dollars
FSICB,"petrochemical feedstocks, still gas, consumed by the industrial sector",FS,"petrochemical feedstocks, still gas",IC,industrial sector,B,billion btu
FSICD,"petrochemical feedstocks, still gas, price in the industrial sector",FS,"petrochemical feedstocks, still gas",IC,industrial sector,D,dollars per million btu
FSICP,"petrochemical feedstocks, still gas, consumed by the industrial sector",FS,"petrochemical feedstocks, still gas",IC,industrial sector,P,thousand barrels
FSICV,"petrochemical feedstocks, still gas, expenditures in the industrial sector",FS,"petrochemical feedstocks, still gas",IC,industrial sector,V,million dollars
GDPRV,current-dollar gross domestic product,GD,current-dollar gross domestic product,PR,production,V,million dollars
GDPRX,real gross domestic product,GD,current-dollar gross domestic product,PR,production,X,million chained (2009) dollars
GECCB,geothermal energy consumed by the commercial sector,GE,geothermal energy,CC,commercial sector,B,billion btu
GEEGB,geothermal energy consumed for electricity generation by the electric power sector,GE,geothermal energy,EG,electric power sector,B,billion btu
GEEGP,geothermal electricity net generation in the electric power sector,GE,geothermal energy,EG,electric power sector,P,million kilowatthours
GEICB,geothermal energy consumed by the industrial sector,GE,geothermal energy,IC,industrial sector,B,billion btu
GERCB,geothermal energy consumed by the residential sector,GE,geothermal energy,RC,residential sector,B,billion btu
GETCB,geothermal energy total consumption,GE,geothermal energy,TC,total consumption,B,billion btu
GETXB,geothermal energy total end-use consumption,GE,geothermal energy,TX,all end-use sectors,B,billion btu
HLACB,hydrocarbon gas liquids consumed by the transportation sector,HL,hydrocarbon gas liquids,AC,transportation sector,B,billion btu
HLACD,hydrocarbon gas liquids price in the transportation sector,HL,hydrocarbon gas liquids,AC,transportation sector,D,dollars per million btu
HLACP,hydrocarbon gas liquids consumed by the transportation sector,HL,hydrocarbon gas liquids,AC,transportation sector,P,thousand barrels
HLACV,hydrocarbon gas liquids expenditures in the transportation sector,HL,hydrocarbon gas liquids,AC,transportation sector,V,million dollars
HLCCB,hydrocarbon gas liquids consumed by the commercial sector,HL,hydrocarbon gas liquids,CC,commercial sector,B,billion btu
HLCCD,hydrocarbon gas liquids price in the commercial sector,HL,hydrocarbon gas liquids,CC,commercial sector,D,dollars per million btu
HLCCP,hydrocarbon gas liquids consumed by the commercial sector,HL,hydrocarbon gas liquids,CC,commercial sector,P,thousand barrels
HLCCV,hydrocarbon gas liquids expenditures in the commercial sector,HL,hydrocarbon gas liquids,CC,commercial sector,V,million dollars
HLICB,hydrocarbon gas liquids consumed by the industrial sector,HL,hydrocarbon gas liquids,IC,industrial sector,B,billion btu
HLICD,hydrocarbon gas liquids price in the industrial sector,HL,hydrocarbon gas liquids,IC,industrial sector,D,dollars per million btu
HLICK,average conversion factor for industrial consumption of hydrocarbon gas liquids,HL,hydrocarbon gas liquids,IC,industrial sector,K,million btu per barrel
HLICP,hydrocarbon gas liquids consumed by the industrial sector,HL,hydrocarbon gas liquids,IC,industrial sector,P,thousand barrels
HLICV,hydrocarbon gas liquids expenditures in the industrial sector,HL,hydrocarbon gas liquids,IC,industrial sector,V,million dollars
HLISB,hydrocarbon gas liquids consumed by the industrial sector adjusted for processed fuel,HL,hydrocarbon gas liquids,IS,industrial sector excluding refinery fuel,B,billion btu
HLRCB,hydrocarbon gas liquids consumed by the residential sector,HL,hydrocarbon gas liquids,RC,residential sector,B,billion btu
HLRCD,hydrocarbon gas liquids price in the residential sector,HL,hydrocarbon gas liquids,RC,residential sector,D,dollars per million btu
HLRCP,hydrocarbon gas liquids consumed by the residential sector,HL,hydrocarbon gas liquids,RC,residential sector,P,thousand barrels
HLRCV,hydrocarbon gas liquids expenditures in the residential sector,HL,hydrocarbon gas liquids,RC,residential sector,V,million dollars
HLRFB,hydrocarbon gas liquids consumed as refinery fuel and intermediate products,HL,hydrocarbon gas liquids,RF,refinery fuel,B,billion btu
HLSCB,hydrocarbon gas liquids total consumption adjusted for processed fuel,HL,hydrocarbon gas liquids,SC,total primary energy and electricity consumed,B,billion btu
HLTCB,hydrocarbon gas liquids total consumption,HL,hydrocarbon gas liquids,TC,total consumption,B,billion btu
HLTCD,"hydrocarbon gas liquids average price, all sectors",HL,hydrocarbon gas liquids,TC,total consumption,D,dollars per million btu
HLTCK,factor for converting hydrocarbon gas liquids physical units to btu,HL,hydrocarbon gas liquids,TC,total consumption,K,million btu per barrel
HLTCP,hydrocarbon gas liquids total consumption,HL,hydrocarbon gas liquids,TC,total consumption,P,thousand barrels
HLTCV,hydrocarbon gas liquids total expenditures,HL,hydrocarbon gas liquids,TC,total consumption,V,million dollars
HLTXB,hydrocarbon gas liquids total end-use consumption,HL,hydrocarbon gas liquids,TX,all end-use sectors,B,billion btu
HLTXD,"hydrocarbon gas liquids average price, all end-use sectors",HL,hydrocarbon gas liquids,TX,all end-use sectors,D,dollars per million btu
HLTXP,hydrocarbon gas liquids total end-use consumption,HL,hydrocarbon gas liquids,TX,all end-use sectors,P,thousand barrels
HLTXV,hydrocarbon gas liquids total end-use expenditures,HL,hydrocarbon gas liquids,TX,all end-use sectors,V,million dollars
HYCCB,hydropower consumed by the commercial sector,HY,hydropower,CC,commercial sector,B,billion btu
HYCCP,hydroelectricity net generation in the commercial sector,HY,hydropower,CC,commercial sector,P,million kilowatthours
HYEGB,hydropower consumed for electricity generation by the electric power sector,HY,hydropower,EG,electric power sector,B,billion btu
HYEGP,hydroelectricity net generation in the electric power sector,HY,hydropower,EG,electric power sector,P,million kilowatthours
HYICB,hydropower consumed by the industrial sector,HY,hydropower,IC,industrial sector,B,billion btu
HYICP,hydroelectricity net generation in the industrial sector,HY,hydropower,IC,industrial sector,P,million kilowatthours
HYTCB,hydropower total consumption,HY,hydropower,TC,total consumption,B,billion btu
HYTCP,hydroelectricity total net generation,HY,hydropower,TC,total consumption,P,million kilowatthours
HYTXB,hydropower total end-use consumption,HY,hydropower,TX,all end-use sectors,B,billion btu
HYTXP,hydroelectricity net generation total end-use sectors,HY,hydropower,TX,all end-use sectors,P,million kilowatthours
IQICB,isobutane consumed by the industrial sector,IQ,isobutane,IC,industrial sector,B,billion btu
IQICP,isobutane consumed by the industrial sector,IQ,isobutane,IC,industrial sector,P,thousand barrels
IQTCB,isobutane total consumption,IQ,isobutane,TC,total consumption,B,billion btu
IQTCP,isobutane total consumption,IQ,isobutane,TC,total consumption,P,thousand barrels
IYICB,isobutylene from refineries consumed by the industrial sector,IY,isobutylene from refineries,IC,industrial sector,B,billion btu
IYICP,isobutylene from refineries consumed by the industrial sector,IY,isobutylene from refineries,IC,industrial sector,P,thousand barrels
IYTCB,isobutylene from refineries total consumption,IY,isobutylene from refineries,TC,total consumption,B,billion btu
IYTCP,isobutylene from refineries total consumption,IY,isobutylene from refineries,TC,total consumption,P,thousand barrels
JFACB,jet fuel consumed by the transportation sector,JF,jet fuel,AC,transportation sector,B,billion btu
JFACD,jet fuel price in the transportation sector,JF,jet fuel,AC,transportation sector,D,dollars per million btu
JFACP,jet fuel consumed by the transportation sector,JF,jet fuel,AC,transportation sector,P,thousand barrels
JFACV,jet fuel expenditures in the transportation sector,JF,jet fuel,AC,transportation sector,V,million dollars
JFTCB,jet fuel total consumption,JF,jet fuel,TC,total consumption,B,billion btu
JFTCD,"jet fuel average price, all sectors",JF,jet fuel,TC,total consumption,D,dollars per million btu
JFTCP,jet fuel total consumption,JF,jet fuel,TC,total consumption,P,thousand barrels
JFTCV,jet fuel total expenditures,JF,jet fuel,TC,total consumption,V,million dollars
JFTXB,jet fuel total end-use consumption,JF,jet fuel,TX,all end-use sectors,B,billion btu
JFTXD,"jet fuel average price, all end-use sectors",JF,jet fuel,TX,all end-use sectors,D,dollars per million btu
JFTXP,jet fuel total end-use consumption,JF,jet fuel,TX,all end-use sectors,P,thousand barrels
JFTXV,jet fuel total end-use expenditures,JF,jet fuel,TX,all end-use sectors,V,million dollars
KSCCB,kerosene consumed by the commercial sector,KS,kerosene,CC,commercial sector,B,billion btu
KSCCD,kerosene price in the commercial sector,KS,kerosene,CC,commercial sector,D,dollars per million btu
KSCCP,kerosene consumed by the commercial sector,KS,kerosene,CC,commercial sector,P,thousand barrels
KSCCV,kerosene expenditures in the commercial sector,KS,kerosene,CC,commercial sector,V,million dollars
KSICB,kerosene consumed by the industrial sector,KS,kerosene,IC,industrial sector,B,billion btu
KSICD,kerosene price in the industrial sector,KS,kerosene,IC,industrial sector,D,dollars per million btu
KSICP,kerosene consumed by the industrial sector,KS,kerosene,IC,industrial sector,P,thousand barrels
KSICV,kerosene expenditures in the industrial sector,KS,kerosene,IC,industrial sector,V,million dollars
KSRCB,kerosene consumed by the residential sector,KS,kerosene,RC,residential sector,B,billion btu
KSRCD,kerosene price in the residential sector,KS,kerosene,RC,residential sector,D,dollars per million btu
KSRCP,kerosene consumed by the residential sector,KS,kerosene,RC,residential sector,P,thousand barrels
KSRCV,kerosene expenditures in the residential sector,KS,kerosene,RC,residential sector,V,million dollars
KSTCB,kerosene total consumption,KS,kerosene,TC,total consumption,B,billion btu
KSTCD,"kerosene average price, all sectors",KS,kerosene,TC,total consumption,D,dollars per million btu
KSTCP,kerosene total consumption,KS,kerosene,TC,total consumption,P,thousand barrels
KSTCV,kerosene total expenditures,KS,kerosene,TC,total consumption,V,million dollars
KSTXB,kerosene total end-use consumption,KS,kerosene,TX,all end-use sectors,B,billion btu
KSTXD,"kerosene average price, all end-use sectors",KS,kerosene,TX,all end-use sectors,D,dollars per million btu
KSTXP,kerosene total end-use consumption,KS,kerosene,TX,all end-use sectors,P,thousand barrels
KSTXV,kerosene total end-use expenditures,KS,kerosene,TX,all end-use sectors,V,million dollars
LOACB,the transportation sector's share of electrical system energy losses,LO,electrical system energy losses,AC,transportation sector,B,billion btu
LOCCB,the commercial sector's share of electrical system energy losses,LO,electrical system energy losses,CC,commercial sector,B,billion btu
LOICB,the industrial sector's share of electrical system energy losses,LO,electrical system energy losses,IC,industrial sector,B,billion btu
LORCB,the residential sector's share of electrical system energy losses,LO,electrical system energy losses,RC,residential sector,B,billion btu
LOTCB,total electrical system energy losses,LO,electrical system energy losses,TC,total consumption,B,billion btu
LOTXB,total electrical system energy losses allocated to the end-use sectors,LO,electrical system energy losses,TX,all end-use sectors,B,billion btu
LUACB,lubricants consumed by the transportation sector,LU,lubricants,AC,transportation sector,B,billion btu
LUACD,lubricants price in the transportation sector,LU,lubricants,AC,transportation sector,D,dollars per million btu
LUACP,lubricants consumed by the transportation sector,LU,lubricants,AC,transportation sector,P,thousand barrels
LUACV,lubricants expenditures in the transportation sector,LU,lubricants,AC,transportation sector,V,million dollars
LUICB,lubricants consumed by the industrial sector,LU,lubricants,IC,industrial sector,B,billion btu
LUICD,lubricants price in the industrial sector,LU,lubricants,IC,industrial sector,D,dollars per million btu
LUICP,lubricants consumed by the industrial sector,LU,lubricants,IC,industrial sector,P,thousand barrels
LUICV,lubricants expenditures in the industrial sector,LU,lubricants,IC,industrial sector,V,million dollars
LUTCB,lubricants total consumption,LU,lubricants,TC,total consumption,B,billion btu
LUTCD,"lubricants average price, all sectors",LU,lubricants,TC,total consumption,D,dollars per million btu
LUTCP,lubricants total consumption,LU,lubricants,TC,total consumption,P,thousand barrels
LUTCV,"lubricants average price, all sectors",LU,lubricants,TC,total consumption,V,million dollars
LUTXB,lubricants total end-use consumption,LU,lubricants,TX,all end-use sectors,B,billion btu
LUTXD,"lubricants average price, all end-use sectors",LU,lubricants,TX,all end-use sectors,D,dollars per million btu
LUTXP,lubricants total end-use consumption,LU,lubricants,TX,all end-use sectors,P,thousand barrels
LUTXV,lubricants total end-use expenditures,LU,lubricants,TX,all end-use sectors,V,million dollars
MBICB,motor gasoline blending components consumed by the industrial sector,MB,motor gasoline blending components,IC,industrial sector,B,billion btu
MBICP,motor gasoline blending components consumed by the industrial sector,MB,motor gasoline blending components,IC,industrial sector,P,thousand barrels
MBTCK,"factor converting motor gasoline blending components physical units to btu, united states only",MB,motor gasoline blending components,TC,total consumption,K,million btu per barrel
MGACB,motor gasoline consumed by the transportation sector,MG,motor gasoline consumed,AC,transportation sector,B,billion btu
MGACD,motor gasoline price in the transportation sector,MG,motor gasoline consumed,AC,transportation sector,D,dollars per million btu
MGACP,motor gasoline consumed by the transportation sector,MG,motor gasoline consumed,AC,transportation sector,P,thousand barrels
MGACV,motor gasoline expenditures in the transportation sector,MG,motor gasoline consumed,AC,transportation sector,V,million dollars
MGCCB,motor gasoline consumed by the commercial sector,MG,motor gasoline consumed,CC,commercial sector,B,billion btu
MGCCD,motor gasoline price in the commercial sector,MG,motor gasoline consumed,CC,commercial sector,D,dollars per million btu
MGCCP,motor gasoline consumed by the commercial sector,MG,motor gasoline consumed,CC,commercial sector,P,thousand barrels
MGCCV,motor gasoline expenditures in the commercial sector,MG,motor gasoline consumed,CC,commercial sector,V,million dollars
MGICB,motor gasoline consumed by the industrial sector,MG,motor gasoline consumed,IC,industrial sector,B,billion btu
MGICD,motor gasoline price in the industrial sector,MG,motor gasoline consumed,IC,industrial sector,D,dollars per million btu
MGICP,motor gasoline consumed by the industrial sector,MG,motor gasoline consumed,IC,industrial sector,P,thousand barrels
MGICV,motor gasoline expenditures in the industrial sector,MG,motor gasoline consumed,IC,industrial sector,V,million dollars
MGTCB,motor gasoline total consumption,MG,motor gasoline consumed,TC,total consumption,B,billion btu
MGTCD,"motor gasoline average price, all sectors",MG,motor gasoline consumed,TC,total consumption,D,dollars per million btu
MGTCK,"factor converting motor gasoline physical units to btu, united states only",MG,motor gasoline consumed,TC,total consumption,K,million btu per barrel
MGTCP,motor gasoline total consumption,MG,motor gasoline consumed,TC,total consumption,P,thousand barrels
MGTCV,motor gasoline total expenditures,MG,motor gasoline consumed,TC,total consumption,V,million dollars
MGTPV,motor gasoline expenditures per capita,MG,motor gasoline consumed,TP,total per capita,V,dollars
MGTXB,motor gasoline total end-use consumption,MG,motor gasoline consumed,TX,all end-use sectors,B,billion btu
MGTXD,"motor gasoline average price, all end-use sectors",MG,motor gasoline consumed,TX,all end-use sectors,D,dollars per million btu
MGTXP,motor gasoline total end-use consumption,MG,motor gasoline consumed,TX,all end-use sectors,P,thousand barrels
MGTXV,motor gasoline total end-use expenditures,MG,motor gasoline consumed,TX,all end-use sectors,V,million dollars
MMTCB,motor gasoline total consumption excluding fuel ethanol,MM,motor gasoline excluding fuel ethanol,TC,total consumption,B,billion btu
MSICB,miscellaneous petroleum products consumed by the industrial sector,MS,miscellaneous petroleum products,IC,industrial sector,B,billion btu
MSICD,miscellaneous petroleum products price in the industrial sector,MS,miscellaneous petroleum products,IC,industrial sector,D,dollars per million btu
MSICP,miscellaneous petroleum products consumed by the industrial sector,MS,miscellaneous petroleum products,IC,industrial sector,P,thousand barrels
MSICV,miscellaneous petroleum products expenditures in the industrial sector,MS,miscellaneous petroleum products,IC,industrial sector,V,million dollars
NAICB,natural gasoline consumed by the industrial sector (through 1983),NA,natural gasoline,IC,industrial sector,B,billion btu
NAICP,natural gasoline consumed by the industrial sector (through 1983),NA,natural gasoline,IC,industrial sector,P,thousand barrels
NGACB,natural gas consumed by the transportation sector ,NG,natural gas,AC,transportation sector,B,billion btu
NGACD,natural gas price in the transportation sector,NG,natural gas,AC,transportation sector,D,dollars per million btu
NGACP,natural gas consumed by the transportation sector,NG,natural gas,AC,transportation sector,P,million cubic feet
NGACV,natural gas expenditures in the transportation sector,NG,natural gas,AC,transportation sector,V,million dollars
NGASB,natural gas consumed by the transportation sector adjusted for process fuel,NG,natural gas,AS,transportation sector adjusted for process fuel,B,billion btu
NGCCB,natural gas consumed by (delivered to) the commercial sector,NG,natural gas,CC,commercial sector,B,billion btu
NGCCD,natural gas price in the commercial sector,NG,natural gas,CC,commercial sector,D,dollars per million btu
NGCCP,natural gas consumed by (delivered to) the commercial sector,NG,natural gas,CC,commercial sector,P,million cubic feet
NGCCV,natural gas expenditures in the commercial sector,NG,natural gas,CC,commercial sector,V,million dollars
NGEIB,natural gas consumed by the electric power sector,NG,natural gas,EI,electric power sector,B,billion btu
NGEID,natural gas price in the electric power sector,NG,natural gas,EI,electric power sector,D,dollars per million btu
NGEIK,factor for converting natural gas consumed by the electric power sector from physical units to btu,NG,natural gas,EI,electric power sector,K,thousand btu per cubic foot
NGEIP,natural gas consumed by the electric power sector,NG,natural gas,EI,electric power sector,P,million cubic feet
NGEIV,natural gas expenditures in the electric power sector,NG,natural gas,EI,electric power sector,V,million dollars
NGICB,natural gas consumed by (delivered to) the industrial sector,NG,natural gas,IC,industrial sector,B,billion btu
NGICD,natural gas price in the industrial sector,NG,natural gas,IC,industrial sector,D,dollars per million btu
NGICP,natural gas consumed by (delivered to) the industrial sector,NG,natural gas,IC,industrial sector,P,million cubic feet
NGICV,natural gas expenditures in the industrial sector,NG,natural gas,IC,industrial sector,V,million dollars
NGISB,natural gas consumed by the industrial sector excluding refinery fuel,NG,natural gas,IS,industrial sector excluding refinery fuel,B,billion btu
NGLPB,natural gas consumed as lease and plant fuel,NG,natural gas,LP,lease and plant fuel,B,billion btu
NGMPB,natural gas marketed production,NG,natural gas,MP,natural gas marketed production,B,billion btu
NGMPK,conversion factor for natural gas marketed production,NG,natural gas,MP,natural gas marketed production,K,thousand btu per cubic feet
NGMPP,natural gas marketed production,NG,natural gas,MP,natural gas marketed production,P,million cubic feet
NGPZB,natural gas for pipeline and distribution use,NG,natural gas,PZ,pipeline and distribution use,B,billion btu
NGRCB,natural gas consumed by (delivered to) the residential sector,NG,natural gas,RC,residential sector,B,billion btu
NGRCD,natural gas price in the residential sector,NG,natural gas,RC,residential sector,D,dollars per million btu
NGRCP,natural gas consumed by (delivered to) the residential sector,NG,natural gas,RC,residential sector,P,million cubic feet
NGRCV,natural gas expenditures in the residential sector,NG,natural gas,RC,residential sector,V,million dollars
NGRFB,natural gas consumed as refinery fuel ,NG,natural gas,RF,refinery fuel,B,billion btu
NGSCB,natural gas total consumption adjusted for process fuel,NG,natural gas,SC,total primary energy and electricity consumed,B,billion btu
NGTCB,natural gas total consumption,NG,natural gas,TC,total consumption,B,billion btu
NGTCD,"natural gas average price, all sectors",NG,natural gas,TC,total consumption,D,dollars per million btu
NGTCK,factor for converting natural gas total consumption from physical units to btu,NG,natural gas,TC,total consumption,K,thousand btu per cubic foot
NGTCP,natural gas total consumption,NG,natural gas,TC,total consumption,P,million cubic feet
NGTCV,natural gas total expenditures,NG,natural gas,TC,total consumption,V,million dollars
NGTXB,natural gas total end-use consumption,NG,natural gas,TX,all end-use sectors,B,billion btu
NGTXD,"natural gas average price, all end-use sectors",NG,natural gas,TX,all end-use sectors,D,dollars per million btu
NGTXK,factor for converting natural gas consumed by all sectors other than electric power from physical units to btu,NG,natural gas,TX,all end-use sectors,K,thousand btu per cubic foot
NGTXP,natural gas total end-use consumption,NG,natural gas,TX,all end-use sectors,P,million cubic feet
NGTXV,natural gas total end-use expenditures,NG,natural gas,TX,all end-use sectors,V,million dollars
NNTCB,natural gas total consumption (excluding supplemental gaseous fuels),NN,natural gas total (excluding supplemental gaseous fuels),TC,total consumption,B,billion btu
NUEGB,nuclear energy consumed for electricity generation by the electric power sector,NU,nuclear energy,EG,electric power sector,B,billion btu
NUEGD,nuclear fuel price in the electric power sector,NU,nuclear energy,EG,electric power sector,D,dollars per million btu
NUEGP,nuclear electricity net generation in the electric power sector,NU,nuclear energy,EG,electric power sector,P,million kilowatthours
NUEGV,nuclear fuel expenditures in the electric power sector,NU,nuclear energy,EG,electric power sector,V,million dollars
NUETB,"nuclear energy consumed for electricity generation, total",NU,nuclear energy,ET,miscellaneous,B,billion btu
NUETD,"nuclear fuel average price, all sectors",NU,nuclear energy,ET,miscellaneous,D,dollars per million btu
NUETK,"factor for converting electricity generated from nuclear power from physical units to btu, united states only",NU,nuclear energy,ET,miscellaneous,K,thousand btu per kilowatthour
NUETP,nuclear electricity total net generation,NU,nuclear energy,ET,miscellaneous,P,million kilowatthours
NUETV,nuclear fuel total expenditures,NU,nuclear energy,ET,miscellaneous,V,million dollars
OHICD,other hydrocarbon gas liquids (other than propane) price in the industrial sector,OH,other hydrocarbon gas liquids (other than propane),IC,industrial sector,D,dollars per million btu
OHICV,other hydrocarbon gas liquids (other than propane) expenditures in the industrial sector,OH,other hydrocarbon gas liquids (other than propane),IC,industrial sector,V,million dollars
OPICB,other petroleum products consumed by the industrial sector,OP,other petroleum products,IC,industrial sector,B,billion btu
OPICD,other petroleum products average price in the industrial sector,OP,other petroleum products,IC,industrial sector,D,dollars per million btu
OPICP,other petroleum products consumed by the industrial sector,OP,other petroleum products,IC,industrial sector,P,thousand barrels
OPICV,other petroleum products total expenditures in the industrial sector,OP,other petroleum products,IC,industrial sector,V,million dollars
OPISB,other petroleum products consumed by the industrial sector excluding refinery fuel and intermediate products,OP,other petroleum products,IS,industrial sector excluding refinery fuel,B,billion btu
OPSCB,other petroleum products total consumption adjusted for refinery fuel and intermediate products,OP,other petroleum products,SC,total primary energy and electricity consumed,B,billion btu
OPTCB,other petroleum products total consumption,OP,other petroleum products,TC,total consumption,B,billion btu
OPTCD,"other petroleum products average price, all sectors",OP,other petroleum products,TC,total consumption,D,dollars per million btu
OPTCP,other petroleum products total consumption,OP,other petroleum products,TC,total consumption,P,thousand barrels
OPTCV,other petroleum products total expenditures,OP,other petroleum products,TC,total consumption,V,million dollars
OPTXB,other petroleum products total end-use consumption,OP,other petroleum products,TX,all end-use sectors,B,billion btu
OPTXD,"other petroleum products average price, all end-use sectors",OP,other petroleum products,TX,all end-use sectors,D,dollars per million btu
OPTXP,other petroleum products total end-use consumption,OP,other petroleum products,TX,all end-use sectors,P,thousand barrels
OPTXV,other petroleum products total end-use expenditures,OP,other petroleum products,TX,all end-use sectors,V,million dollars
P1ICB,"asphalt and road oil, kerosene, lubricants, petroleum coke, and ""other petroleum products"" consumed by the industrial sector",P1,"asphalt and road oil, kerosene, lubricants, petroleum coke, and other petroleum products",IC,industrial sector,B,billion btu
P1ICD,"asphalt and road oil, kerosene, lubricants, petroleum coke, and ""other petroleum products"" average price in the  industrial sector",P1,"asphalt and road oil, kerosene, lubricants, petroleum coke, and other petroleum products",IC,industrial sector,D,dollars per million btu
P1ICP,"asphalt and road oil, kerosene, lubricants, petroleum coke, and ""other petroleum products"" consumed by the industrial sector",P1,"asphalt and road oil, kerosene, lubricants, petroleum coke, and other petroleum products",IC,industrial sector,P,thousand barrels
P1ICV,"asphalt and road oil, kerosene, lubricants, petroleum coke, and ""other petroleum products"" expenditures in the  industrial sector",P1,"asphalt and road oil, kerosene, lubricants, petroleum coke, and other petroleum products",IC,industrial sector,V,million dollars
P1ISB,"asphalt and road oil, kerosene, lubricants, petroleum coke, and ""other petroleum products"" consumed by the industrial sector excluding refinery fuel and intermediate products",P1,"asphalt and road oil, kerosene, lubricants, petroleum coke, and other petroleum products",IS,industrial sector excluding refinery fuel,B,billion btu
P1SCB,"asphalt and road oil, kerosene, lubricants, petroleum coke, and ""other petroleum products"" total consumption adjusted for process fuel and intermediate products",P1,"asphalt and road oil, kerosene, lubricants, petroleum coke, and other petroleum products",SC,total primary energy and electricity consumed,B,billion btu
P1TCB,"asphalt and road oil, aviation gasoline, kerosene, lubricants, petroleum coke, and ""other petroleum products"" total consumption",P1,"asphalt and road oil, kerosene, lubricants, petroleum coke, and other petroleum products",TC,total consumption,B,billion btu
P1TCD,"asphalt and road oil, aviation gasoline, kerosene, lubricants, petroleum coke, and ""other petroleum products"" average price, all sectors",P1,"asphalt and road oil, kerosene, lubricants, petroleum coke, and other petroleum products",TC,total consumption,D,dollars per million btu
P1TCP,"asphalt and road oil, aviation gasoline, kerosene, lubricants, petroleum coke, and ""other petroleum products"" total consumption",P1,"asphalt and road oil, kerosene, lubricants, petroleum coke, and other petroleum products",TC,total consumption,P,thousand barrels
P1TCV,"asphalt and road oil, aviation gasoline, kerosene, lubricants, petroleum coke, and ""other petroleum products"" total expenditures",P1,"asphalt and road oil, kerosene, lubricants, petroleum coke, and other petroleum products",TC,total consumption,V,million dollars
P1TXB,"asphalt and road oil, aviation gasoline, kerosene, lubricants, petroleum coke, and ""other petroleum products"" total end-use consumption",P1,"asphalt and road oil, kerosene, lubricants, petroleum coke, and other petroleum products",TX,all end-use sectors,B,billion btu
P1TXD,"asphalt and road oil, aviation gasoline, kerosene, lubricants, petroleum coke, and ""other petroleum products"" average price, all end-use sectors",P1,"asphalt and road oil, kerosene, lubricants, petroleum coke, and other petroleum products",TX,all end-use sectors,D,dollars per million btu
P1TXP,"asphalt and road oil, aviation gasoline, kerosene, lubricants, petroleum coke, and ""other petroleum products"" total end-use consumption",P1,"asphalt and road oil, kerosene, lubricants, petroleum coke, and other petroleum products",TX,all end-use sectors,P,thousand barrels
P1TXV,"asphalt and road oil, aviation gasoline, kerosene, lubricants, petroleum coke, and ""other petroleum products"" total end-use expenditures",P1,"asphalt and road oil, kerosene, lubricants, petroleum coke, and other petroleum products",TX,all end-use sectors,V,million dollars
P5RFB,"other petroleum products (sg and pc consumed as process fuel and ab, mb, pp, and uo consumed as intermediate products)",P5,other petroleum products,RF,refinery fuel,B,billion btu
PAACB,all petroleum products consumed by the transportation sector,PA,all petroleum products,AC,transportation sector,B,billion btu
PAACD,all petroleum products average price in the transportation sector,PA,all petroleum products,AC,transportation sector,D,dollars per million btu
PAACK,"factor for converting all petroleum products consumed by the transportation sector from physical units to btu, united states only",PA,all petroleum products,AC,transportation sector,K,million btu per barrel
PAACP,all petroleum products consumed by the transportation sector,PA,all petroleum products,AC,transportation sector,P,thousand barrels
PAACV,all petroleum products total expenditures in the transportation sector,PA,all petroleum products,AC,transportation sector,V,million dollars
PACCB,all petroleum products consumed by the commercial sector,PA,all petroleum products,CC,commercial sector,B,billion btu
PACCD,all petroleum products average price in the commercial sector,PA,all petroleum products,CC,commercial sector,D,dollars per million btu
PACCK,"factor for converting all petroleum products consumed by the commercial sector from physical units to btu, united states only",PA,all petroleum products,CC,commercial sector,K,million btu per barrel
PACCP,all petroleum products consumed by the commercial sector,PA,all petroleum products,CC,commercial sector,P,thousand barrels
PACCV,all petroleum products total expenditures in the commercial sector,PA,all petroleum products,CC,commercial sector,V,million dollars
PAEIB,all petroleum products consumed by the electric power sector,PA,all petroleum products,EI,electric power sector,B,billion btu
PAEID,all petroleum products average price in the electric power sector,PA,all petroleum products,EI,electric power sector,D,dollars per million btu
PAEIK,"factor for converting all petroleum products consumed by the electric power sector from physical units to btu, united states only",PA,all petroleum products,EI,electric power sector,K,million btu per barrel
PAEIP,all petroleum products consumed by the electric power sector,PA,all petroleum products,EI,electric power sector,P,thousand barrels
PAEIV,all petroleum products total expenditures in the electric power sector,PA,all petroleum products,EI,electric power sector,V,million dollars
PAICB,all petroleum products consumed by the industrial sector,PA,all petroleum products,IC,industrial sector,B,billion btu
PAICD,all petroleum products average price in the industrial sector,PA,all petroleum products,IC,industrial sector,D,dollars per million btu
PAICK,"factor for converting all petroleum products consumed by the industrial sector from physical units to btu, united states only",PA,all petroleum products,IC,industrial sector,K,million btu per barrel
PAICP,all petroleum products consumed by the industrial sector,PA,all petroleum products,IC,industrial sector,P,thousand barrels
PAICV,all petroleum products total expenditures in the industrial sector,PA,all petroleum products,IC,industrial sector,V,million dollars
PAISB,all petroleum products consumed by the industrial sector excluding process fuel and intermediate products,PA,all petroleum products,IS,industrial sector excluding refinery fuel,B,billion btu
PAPRB,crude oil production (including lease condensate),PA,all petroleum products,PR,production,B,billion btu
PAPRP,crude oil production (including lease condensate),PA,all petroleum products,PR,production,P,thousand barrels
PARCB,all petroleum products consumed by the residential sector,PA,all petroleum products,RC,residential sector,B,billion btu
PARCD,all petroleum products average price in the residential sector,PA,all petroleum products,RC,residential sector,D,dollars per million btu
PARCK,"factor for converting all petroleum products consumed by the residential sector from physical units to btu, united states only",PA,all petroleum products,RC,residential sector,K,million btu per barrel
PARCP,all petroleum products consumed by the residential sector,PA,all petroleum products,RC,residential sector,P,thousand barrels
PARCV,all petroleum products total expenditures in the residential sector,PA,all petroleum products,RC,residential sector,V,million dollars
PASCB,all petroleum products total consumption adjusted for process fuel and intermediate products,PA,all petroleum products,SC,total primary energy and electricity consumed,B,billion btu
PATCB,all petroleum products total consumption,PA,all petroleum products,TC,total consumption,B,billion btu
PATCD,"all petroleum products average price, all sectors",PA,all petroleum products,TC,total consumption,D,dollars per million btu
PATCK,"factor for converting all petroleum products total consumption from physical units to btu, united states only",PA,all petroleum products,TC,total consumption,K,million btu per barrel
PATCP,all petroleum products total consumption,PA,all petroleum products,TC,total consumption,P,thousand barrels
PATCV,all petroleum products total expenditures,PA,all petroleum products,TC,total consumption,V,million dollars
PATXB,all petroleum products total end-use consumption,PA,all petroleum products,TX,all end-use sectors,B,billion btu
PATXD,"all petroleum products average price, all end-use sectors",PA,all petroleum products,TX,all end-use sectors,D,dollars per million btu
PATXP,all petroleum products total end-use consumption,PA,all petroleum products,TX,all end-use sectors,P,thousand barrels
PATXV,all petroleum products total end-use expenditures,PA,all petroleum products,TX,all end-use sectors,V,million dollars
PCCCB,petroleum coke consumed by the commercial sector,PC,petroleum coke,CC,commercial sector,B,billion btu
PCCCD,petroleum coke price in the commercial sector,PC,petroleum coke,CC,commercial sector,D,dollars per million btu
PCCCP,petroleum coke consumed by the commercial sector,PC,petroleum coke,CC,commercial sector,P,thousand barrels
PCCCV,petroleum coke expenditures in the commercial sector,PC,petroleum coke,CC,commercial sector,V,million dollars
PCCTK,"factor converting petroleum coke, catalyst coke physical units to btu, united states only",PC,petroleum coke,CT,"factor converting petroleum coke, catalyst coke physical units to btu",K,million btu per barrel
PCEIB,petroleum coke consumed by the electric power sector,PC,petroleum coke,EI,electric power sector,B,billion btu
PCEID,petroleum coke price in the electric power sector,PC,petroleum coke,EI,electric power sector,D,dollars per million btu
PCEIP,petroleum coke consumed by the electric power sector,PC,petroleum coke,EI,electric power sector,P,thousand barrels
PCEIV,petroleum coke expenditures in the electric power sector,PC,petroleum coke,EI,electric power sector,V,million dollars
PCICB,petroleum coke consumed by the industrial sector,PC,petroleum coke,IC,industrial sector,B,billion btu
PCICD,petroleum coke price in the industrial sector,PC,petroleum coke,IC,industrial sector,D,dollars per million btu
PCICP,petroleum coke consumed by the industrial sector,PC,petroleum coke,IC,industrial sector,P,thousand barrels
PCICV,petroleum coke expenditures in the industrial sector,PC,petroleum coke,IC,industrial sector,V,million dollars
PCISB,petroleum coke consumed by the industrial sector excluding refinery fuel,PC,petroleum coke,IS,industrial sector excluding refinery fuel,B,billion btu
PCMKK,"factor converting petroleum coke, marketable coke physical units to btu, united states only",PC,petroleum coke,MK,marketable coke physical units to btu,K,million btu per barrel
PCRFB,petroleum coke consumed as refinery fuel,PC,petroleum coke,RF,refinery fuel,B,billion btu
PCSCB,petroleum coke total consumption adjusted for process fuel,PC,petroleum coke,SC,total primary energy and electricity consumed,B,billion btu
PCTCB,petroleum coke total consumption,PC,petroleum coke,TC,total consumption,B,billion btu
PCTCD,"petroleum coke average price, all sectors",PC,petroleum coke,TC,total consumption,D,dollars per million btu
PCTCP,petroleum coke total consumption,PC,petroleum coke,TC,total consumption,P,thousand barrels
PCTCV,petroleum coke total expenditures,PC,petroleum coke,TC,total consumption,V,million dollars
PCTXB,petroleum coke total end-use consumption,PC,petroleum coke,TX,all end-use sectors,B,billion btu
PCTXD,"petroleum coke average price, all end-use sectors",PC,petroleum coke,TX,all end-use sectors,D,dollars per million btu
PCTXP,petroleum coke total end-use consumption,PC,petroleum coke,TX,all end-use sectors,P,thousand barrels
PCTXV,petroleum coke total end-use expenditures,PC,petroleum coke,TX,all end-use sectors,V,million dollars
PEACD,primary energy average price in the transportation sector,PE,primary energy,AC,transportation sector,D,dollars per million btu
PEACV,primary energy total expenditures in the transportation sector,PE,primary energy,AC,transportation sector,V,million dollars
PEASB,"primary energy consumed by the transportation sector, adjusted for process fuel, intermediate products, and fuels with no direct cost",PE,primary energy,AS,transportation sector adjusted for process fuel,B,billion btu
PECCD,primary energy average price in the commercial sector,PE,primary energy,CC,commercial sector,D,dollars per million btu
PECCV,primary energy total expenditures in the commercial sector,PE,primary energy,CC,commercial sector,V,million dollars
PECSB,"primary energy consumed by the commercial sector, adjusted for process fuel, intermediate products, and fuels with no direct cost",PE,primary energy,CS,commercial sector (at cost),B,billion btu
PEEID,primary energy average price in the electric power sector,PE,primary energy,EI,electric power sector,D,dollars per million btu
PEEIV,primary energy total expenditures in the electric power sector,PE,primary energy,EI,electric power sector,V,million dollars
PEICD,primary energy average price in the industrial sector,PE,primary energy,IC,industrial sector,D,dollars per million btu
PEICV,primary energy total expenditures in the industrial sector,PE,primary energy,IC,industrial sector,V,million dollars
PEISB,"primary energy consumed by the industrial sector, adjusted for process fuel, intermediate products, and fuels with no direct cost",PE,primary energy,IS,industrial sector excluding refinery fuel,B,billion btu
PERCD,primary energy average price in the residential sector,PE,primary energy,RC,residential sector,D,dollars per million btu
PERCV,primary energy total expenditures in the residential sector,PE,primary energy,RC,residential sector,V,million dollars
PERSB,"primary energy consumed by the residential sector, adjusted for process fuel, intermediate products, and fuels with no direct cost",PE,primary energy,RS,residential sector at a cost,B,billion btu
PESCB,"primary energy total consumption, adjusted for process fuel, intermediate products, and fuels with no direct cost",PE,primary energy,SC,total primary energy and electricity consumed,B,billion btu
PETCD,"primary energy average price, all sectors",PE,primary energy,TC,total consumption,D,dollars per million btu
PETCV,primary energy total expenditures,PE,primary energy,TC,total consumption,V,million dollars
PETXD,"primary energy average price, all end-use sectors",PE,primary energy,TX,all end-use sectors,D,dollars per million btu
PETXV,primary energy total end-use expenditures,PE,primary energy,TX,all end-use sectors,V,million dollars
PLICB,plant condensate consumed by the industrial sector,PL,plant condensate,IC,industrial sector,B,billion btu
PLICP,plant condensate consumed by the industrial sector,PL,plant condensate,IC,industrial sector,P,thousand barrels
PMTCB,all petroleum products total consumption excluding fuel ethanol,PM,all petroleum products,TC,total consumption,B,billion btu
PPICB,natural gasoline (pentanes plus) consumed by the industrial sector,PP,natural gasoline (pentanes plus),IC,industrial sector,B,billion btu
PPICP,natural gasoline (pentanes plus) consumed by the industrial sector,PP,natural gasoline (pentanes plus),IC,industrial sector,P,thousand barrels
PPTCB,natural gasoline (pentanes plus) total consumption,PP,natural gasoline (pentanes plus),TC,total consumption,B,billion btu
PPTCP,natural gasoline (pentanes plus) total consumption,PP,natural gasoline (pentanes plus),TC,total consumption,P,thousand barrels
PQACB,propane consumed by the transportation sector,PQ,propane,AC,transportation sector,B,billion btu
PQACD,propane price in the transportation sector,PQ,propane,AC,transportation sector,D,dollars per million btu
PQACP,propane consumed by the transportation sector,PQ,propane,AC,transportation sector,P,thousand barrels
PQACV,propane expenditures in the transportation sector,PQ,propane,AC,transportation sector,V,million dollars
PQCCB,propane consumed by the commercial sector,PQ,propane,CC,commercial sector,B,billion btu
PQCCD,propane price in the commercial sector,PQ,propane,CC,commercial sector,D,dollars per million btu
PQCCP,propane consumed by the commercial sector,PQ,propane,CC,commercial sector,P,thousand barrels
PQCCV,propane expenditures in the commercial sector,PQ,propane,CC,commercial sector,V,million dollars
PQICB,propane consumed by the industrial sector,PQ,propane,IC,industrial sector,B,billion btu
PQICD,propane price in the industrial sector,PQ,propane,IC,industrial sector,D,dollars per million btu
PQICP,propane consumed by the industrial sector,PQ,propane,IC,industrial sector,P,thousand barrels
PQICV,propane expenditures in the industrial sector,PQ,propane,IC,industrial sector,V,million dollars
PQISB,propane consumed in the industrial sector excluding refinery fuel,PQ,propane,IS,industrial sector excluding refinery fuel,B,billion btu
PQRCB,propane consumed by the residential sector,PQ,propane,RC,residential sector,B,billion btu
PQRCD,propane price in the residential sector,PQ,propane,RC,residential sector,D,dollars per million btu
PQRCP,propane consumed by the residential sector,PQ,propane,RC,residential sector,P,thousand barrels
PQRCV,propane expenditures in the residential sector,PQ,propane,RC,residential sector,V,million dollars
PQRFB,propane consumed as refinery fuel,PQ,propane,RF,refinery fuel,B,billion btu
PQSCB,propane total consumption adjusted for process fuel,PQ,propane,SC,total primary energy and electricity consumed,B,billion btu
PQTCB,propane total consumption,PQ,propane,TC,total consumption,B,billion btu
PQTCD,"propane average price, all sectors",PQ,propane,TC,total consumption,D,dollars per million btu
PQTCP,propane total consumption,PQ,propane,TC,total consumption,P,thousand barrels
PQTCV,propane total expenditures,PQ,propane,TC,total consumption,V,million dollars
PQTXB,propane total end-use consumption,PQ,propane,TX,all end-use sectors,B,billion btu
PQTXD,"propane average price, all end-use sectors",PQ,propane,TX,all end-use sectors,D,dollars per million btu
PQTXP,propane total end-use consumption,PQ,propane,TX,all end-use sectors,P,thousand barrels
PQTXV,propane total end-use expenditures,PQ,propane,TX,all end-use sectors,V,million dollars
PYICB,propylene from refineries consumed by the industrial sector,PY,propylene from refineries,IC,industrial sector,B,billion btu
PYICP,propylene from refineries consumed by the industrial sector,PY,propylene from refineries,IC,industrial sector,P,thousand barrels
PYTCB,propylene from refineries total consumption,PY,propylene from refineries,TC,total consumption,B,billion btu
PYTCP,propylene from refineries total consumption,PY,propylene from refineries,TC,total consumption,P,thousand barrels
REPRB,renewable energy production,RE,renewable energy,PR,production,B,billion btu
RETCB,renewable energy total consumption,RE,renewable energy,TC,total consumption,B,billion btu
RFACB,residual fuel oil consumed by the transportation sector,RF,residual fuel oil,AC,transportation sector,B,billion btu
RFACD,residual fuel oil price in the transportation sector,RF,residual fuel oil,AC,transportation sector,D,dollars per million btu
RFACP,residual fuel oil consumed by the transportation sector,RF,residual fuel oil,AC,transportation sector,P,thousand barrels
RFACV,residual fuel oil expenditures in the transportation sector,RF,residual fuel oil,AC,transportation sector,V,million dollars
RFCCB,residual fuel oil consumed by the commercial sector,RF,residual fuel oil,CC,commercial sector,B,billion btu
RFCCD,residual fuel oil price in the commercial sector,RF,residual fuel oil,CC,commercial sector,D,dollars per million btu
RFCCP,residual fuel oil consumed by the commercial sector,RF,residual fuel oil,CC,commercial sector,P,thousand barrels
RFCCV,residual fuel oil expenditures in the commercial sector,RF,residual fuel oil,CC,commercial sector,V,million dollars
RFEIB,residual fuel oil consumed by the electric power sector,RF,residual fuel oil,EI,electric power sector,B,billion btu
RFEID,residual fuel oil price in the electric power sector,RF,residual fuel oil,EI,electric power sector,D,dollars per million btu
RFEIP,residual fuel oil consumed by the electric power sector,RF,residual fuel oil,EI,electric power sector,P,thousand barrels
RFEIV,residual fuel oil expenditures in the electric power sector,RF,residual fuel oil,EI,electric power sector,V,million dollars
RFICB,residual fuel oil consumed by the industrial sector,RF,residual fuel oil,IC,industrial sector,B,billion btu
RFICD,residual fuel oil price in the industrial sector,RF,residual fuel oil,IC,industrial sector,D,dollars per million btu
RFICP,residual fuel oil consumed by the industrial sector,RF,residual fuel oil,IC,industrial sector,P,thousand barrels
RFICV,residual fuel oil expenditures in the industrial sector,RF,residual fuel oil,IC,industrial sector,V,million dollars
RFISB,residual fuel oil consumed by the industrial sector excluding refinery fuel,RF,residual fuel oil,IS,industrial sector excluding refinery fuel,B,billion btu
RFRFB,residual fuel oil consumed as refinery fuel,RF,residual fuel oil,RF,refinery fuel,B,billion btu
RFSCB,residential fuel oil total consumption excluding process fuel,RF,residual fuel oil,SC,total primary energy and electricity consumed,B,billion btu
RFTCB,residual fuel oil total consumption,RF,residual fuel oil,TC,total consumption,B,billion btu
RFTCD,"residual fuel oil average price, all sectors",RF,residual fuel oil,TC,total consumption,D,dollars per million btu
RFTCP,residual fuel oil total consumption,RF,residual fuel oil,TC,total consumption,P,thousand barrels
RFTCV,residual fuel oil total expenditures,RF,residual fuel oil,TC,total consumption,V,million dollars
RFTXB,residual fuel oil total end-use consumption,RF,residual fuel oil,TX,all end-use sectors,B,billion btu
RFTXD,"residual fuel oil average price, all end-use sectors",RF,residual fuel oil,TX,all end-use sectors,D,dollars per million btu
RFTXP,residual fuel oil total end-use consumption,RF,residual fuel oil,TX,all end-use sectors,P,thousand barrels
RFTXV,residual fuel oil total end-use expenditures,RF,residual fuel oil,TX,all end-use sectors,V,million dollars
ROPRB,"renewable energy production, other than fuel ethanol",RO,renewable energy production,PR,production,B,billion btu
SFCCB,supplemental gaseous fuels consumed by the commercial sector,SF,supplemental gaseous fuels,CC,commercial sector,B,billion btu
SFEIB,supplemental gaseous fuels consumed by the electric power sector,SF,supplemental gaseous fuels,EI,electric power sector,B,billion btu
SFINB,supplemental gaseous fuels consumed by the industrial sector,SF,supplemental gaseous fuels,IN,industrial sector,B,billion btu
SFRCB,supplemental gaseous fuels consumed by the residential sector,SF,supplemental gaseous fuels,RC,residential sector,B,billion btu
SFTCB,supplemental gaseous fuels total consumption,SF,supplemental gaseous fuels,TC,total consumption,B,billion btu
SGICB,still gas consumed by the industrial sector,SG,still gas,IC,industrial sector,B,billion btu
SGICP,still gas consumed by the industrial sector,SG,still gas,IC,industrial sector,P,thousand barrels
SNICB,special naphthas consumed by the industrial sector,SN,special naphthas,IC,industrial sector,B,billion btu
SNICD,special naphthas price in the industrial sector,SN,special naphthas,IC,industrial sector,D,dollars per million btu
SNICP,special naphthas consumed by the industrial sector,SN,special naphthas,IC,industrial sector,P,thousand barrels
SNICV,special naphthas expenditures in the industrial sector,SN,special naphthas,IC,industrial sector,V,million dollars
SOCCB,solar energy consumed by the commercial sector,SO,solar energy,CC,commercial sector,B,billion btu
SOCCP,solar thermal and photovoltaic electricity net generation in the commercial sector,SO,solar energy,CC,commercial sector,P,million kilowatthours
SOEGB,solar energy consumed for electricity generation by the electric power sector,SO,solar energy,EG,electric power sector,B,billion btu
SOEGP,solar thermal and photovoltaic electricity net generation in the electric power sector,SO,solar energy,EG,electric power sector,P,million kilowatthours
SOICB,solar energy consumed by the industrial sector,SO,solar energy,IC,industrial sector,B,billion btu
SOICP,solar thermal and photovoltaic electricity net generation in the industrial sector,SO,solar energy,IC,industrial sector,P,million kilowatthours
SOR7P,solar photovoltaic electricity generation by small-scale applications in the residential sector,SO,solar energy,R7,small-scale applications in the residential sector,P,million kilowatthours
SORCB,solar energy consumed by the residential sector,SO,solar energy,RC,residential sector,B,billion btu
SOTCB,solar energy total consumption,SO,solar energy,TC,total consumption,B,billion btu
SOTGP,solar thermal and photovoltaic electricity total net generation,SO,solar energy,TG,total per dollar of real gross domestic product,P,million kilowatthours
SOTXB,solar energy total end-use consumption,SO,solar energy,TX,all end-use sectors,B,billion btu
TEACB,total energy consumed by the transportation sector,TE,total energy,AC,transportation sector,B,billion btu
TEACD,total energy average price in the transportation sector,TE,total energy,AC,transportation sector,D,dollars per million btu
TEACV,total energy expenditures in the transportation sector,TE,total energy,AC,transportation sector,V,million dollars
TEAPB,total energy consumption per capita in the transportation sector,TE,total energy,AP,transportation sector (per capita),B,million btu
TECCB,total energy consumed by the commercial sector,TE,total energy,CC,commercial sector,B,billion btu
TECCD,total energy average price in the commercial sector,TE,total energy,CC,commercial sector,D,dollars per million btu
TECCV,total energy expenditures in the commercial sector,TE,total energy,CC,commercial sector,V,million dollars
TECPB,total energy consumption per capita in the commercial sector,TE,total energy,CP,commercial sector (per capita),B,million btu
TEEIB,total energy consumed by the electric power sector,TE,total energy,EI,electric power sector,B,billion btu
TEGDS,energy expenditures as percent of current-dollar gdp,TE,total energy,GD,percent of current-dollar gdp,S,percent
TEICB,total energy consumed by the industrial sector,TE,total energy,IC,industrial sector,B,billion btu
TEICD,total energy average price in the industrial sector,TE,total energy,IC,industrial sector,D,dollars per million btu
TEICV,total energy expenditures in the industrial sector,TE,total energy,IC,industrial sector,V,million dollars
TEIPB,total energy consumption per capita in the industrial sector,TE,total energy,IP,industrial sector (per capita),B,million btu
TEPFB,total energy used as process fuel and other consumption that has no direct fuel costs,TE,total energy,PF,process fuel and other consumption that has no direct fuel costs,B,billion btu
TEPRB,total energy production,TE,total energy,PR,production,B,billion btu
TERCB,total energy consumed by the residential sector,TE,total energy,RC,residential sector,B,billion btu
TERCD,total energy average price in the residential sector,TE,total energy,RC,residential sector,D,dollars per million btu
TERCV,total energy total expenditures in the residential sector,TE,total energy,RC,residential sector,V,million dollars
TERFB,total energy used as refinery fuel and intermediate products,TE,total energy,RF,refinery fuel,B,billion btu
TERPB,total energy consumption per capita in the residential sector,TE,total energy,RP,per capita in the residential sector,B,million btu
TETCB,total energy consumption,TE,total energy,TC,total consumption,B,billion btu
TETCD,total energy average price,TE,total energy,TC,total consumption,D,dollars per million btu
TETCV,total energy expenditures,TE,total energy,TC,total consumption,V,million dollars
TETGR,total energy consumed per dollar of real gross domestic product,TE,total energy,TG,total per dollar of real gross domestic product,R,thousand btu per chained (2009) dollar
TETPB,total energy consumption per capita,TE,total energy,TP,total per capita,B,million btu
TETPV,total energy expenditures per capita,TE,total energy,TP,total per capita,V,dollars
TETXB,total end-use energy consumption,TE,total energy,TX,all end-use sectors,B,billion btu
TETXD,total end-use energy average price,TE,total energy,TX,all end-use sectors,D,dollars per million btu
TETXV,total end-use energy expenditures,TE,total energy,TX,all end-use sectors,V,million dollars
TNACB,total energy consumed by the transportation sector excluding the sector's share of electrical system energy losses,TN,total energy excluding the sector's share of electrical system energy losses,AC,transportation sector,B,billion btu
TNASB,"total net energy consumed by the transportation sector, adjusted for process fuel, intermediate products, and fuels with no direct cost",TN,total energy excluding the sector's share of electrical system energy losses,AS,transportation sector adjusted for process fuel,B,billion btu
TNCCB,total energy consumed by the commercial sector excluding the sector's share of electrical system energy losses,TN,total energy excluding the sector's share of electrical system energy losses,CC,commercial sector,B,billion btu
TNCSB,"total net energy consumed by the commercial sector, adjusted for process fuel, intermediate products, and fuels with no direct cost",TN,total energy excluding the sector's share of electrical system energy losses,CS,commercial sector (at cost),B,billion btu
TNICB,total energy consumed by the industrial sector excluding the sector's share of electrical system energy losses,TN,total energy excluding the sector's share of electrical system energy losses,IC,industrial sector,B,billion btu
TNISB,"total net energy consumed by the industrial sector, adjusted for process fuel, intermediate products, and fuels with no direct cost",TN,total energy excluding the sector's share of electrical system energy losses,IS,industrial sector excluding refinery fuel,B,billion btu
TNRCB,total energy consumed by the residential sector excluding the sector's share of electrical system energy losses,TN,total energy excluding the sector's share of electrical system energy losses,RC,residential sector,B,billion btu
TNRSB,"total net energy consumed by the residential sector, adjusted for process fuel, intermediate products, and fuels with no direct cost",TN,total energy excluding the sector's share of electrical system energy losses,RS,residential sector at a cost,B,billion btu
TNSCB,total primary energy and electricity consumed,TN,total energy excluding the sector's share of electrical system energy losses,SC,total primary energy and electricity consumed,B,billion btu
TNTXB,total primary energy and electricity consumed by the end-use sectors,TN,total energy excluding the sector's share of electrical system energy losses,TX,all end-use sectors,B,billion btu
TPOPP,resident population including armed forces,TP,resident population including armed forces,OP,resident population including armed forces. (thousand),P,thousand
UOICB,unfinished oils consumed by the industrial sector,UO,unfinished oils,IC,industrial sector,B,billion btu
UOICP,unfinished oils consumed by the industrial sector,UO,unfinished oils,IC,industrial sector,P,thousand barrels
USICB,unfractionated streams consumed by the industrial sector,US,unfractionated streams,IC,industrial sector,B,billion btu
USICP,unfractionated streams consumed by the industrial sector,US,unfractionated streams,IC,industrial sector,P,thousand barrels
WDCCB,wood consumed by the commercial sector,WD,wood,CC,commercial sector,B,billion btu
WDEIB,wood consumed by the electric power sector,WD,wood,EI,electric power sector,B,billion btu
WDEXB,densified biomass exports,WD,wood,EX,exported from the united states,B,billion btu
WDICB,wood consumed by the industrial sector,WD,wood,IC,industrial sector,B,billion btu
WDPRB,wood energy production,WD,wood,PR,production,B,billion btu
WDRCB,wood consumed by the residential sector,WD,wood,RC,residential sector,B,billion btu
WDRCD,wood price in the residential sector,WD,wood,RC,residential sector,D,dollars per million btu
WDRCP,wood consumed by the residential sector,WD,wood,RC,residential sector,P,thousand cords
WDRCV,wood expenditures in the residential sector ,WD,wood,RC,residential sector,V,million dollars
WDRSB,wood consumed in the residential sector at a cost,WD,wood,RS,residential sector at a cost,B,billion btu
WDRXB,wood consumed in the residential sector at no cost,WD,wood,RX,residential sector at no cost,B,billion btu
WDTCB,wood total consumption,WD,wood,TC,total consumption,B,billion btu
WSCCB,"waste consumed by the commercial sector, total",WS,waste,CC,commercial sector,B,billion btu
WSEIB,waste consumed by the electric power sector,WS,waste,EI,electric power sector,B,billion btu
WSICB,"waste energy consumed by the industrial sector, total",WS,waste,IC,industrial sector,B,billion btu
WSTCB,waste total consumption,WS,waste,TC,total consumption,B,billion btu
WWCCB,wood and waste consumed in the commercial sector,WW,wood and waste,CC,commercial sector,B,billion btu
WWCCD,wood and waste price in the commercial sector,WW,wood and waste,CC,commercial sector,D,dollars per million btu
WWCCV,wood and waste expenditures in the commercial sector,WW,wood and waste,CC,commercial sector,V,million dollars
WWCSB,wood and waste consumed in the commercial sector at a cost,WW,wood and waste,CS,commercial sector (at cost),B,billion btu
WWCXB,wood and waste consumed in the commercial sector at no cost,WW,wood and waste,CX,commercial sector (no cost),B,billion btu
WWEIB,wood and waste consumed by the electric power sector,WW,wood and waste,EI,electric power sector,B,billion btu
WWEID,wood and waste price in the electric power sector,WW,wood and waste,EI,electric power sector,D,dollars per million btu
WWEIV,wood and waste expenditures in the electric power sector,WW,wood and waste,EI,electric power sector,V,million dollars
WWICB,"wood and waste consumed in the industrial sector, total",WW,wood and waste,IC,industrial sector,B,billion btu
WWICD,wood and waste price in the industrial sector,WW,wood and waste,IC,industrial sector,D,dollars per million btu
WWICV,wood and waste expenditures in the industrial sector,WW,wood and waste,IC,industrial sector,V,million dollars
WWISB,wood and waste consumed in the industrial sector at a cost,WW,wood and waste,IS,industrial sector excluding refinery fuel,B,billion btu
WWIXB,wood and waste consumed in the industrial sector at no cost,WW,wood and waste,IX,industrial sector at no cost,B,billion btu
WWSCB,"wood and waste total consumption, adjusted for fuels with no direct cost",WW,wood and waste,SC,total primary energy and electricity consumed,B,billion btu
WWTCB,wood and waste total consumption,WW,wood and waste,TC,total consumption,B,billion btu
WWTCD,"wood and waste average price, all sectors",WW,wood and waste,TC,total consumption,D,dollars per million btu
WWTCV,wood and waste total expenditures,WW,wood and waste,TC,total consumption,V,million dollars
WWTXB,wood and waste total end-use consumption,WW,wood and waste,TX,all end-use sectors,B,billion btu
WWTXD,"wood and waste average price, all end-use sectors",WW,wood and waste,TX,all end-use sectors,D,dollars per million btu
WWTXV,wood and waste total end-use expenditures,WW,wood and waste,TX,all end-use sectors,V,million dollars
WXICB,waxes consumed by the industrial sector,WX,waxes,IC,industrial sector,B,billion btu
WXICD,waxes price in the industrial sector,WX,waxes,IC,industrial sector,D,dollars per million btu
WXICP,waxes consumed by the industrial sector,WX,waxes,IC,industrial sector,P,thousand barrels
WXICV,waxes expenditures in the industrial sector,WX,waxes,IC,industrial sector,V,million dollars
WYCCB,wind energy consumed by the commercial sector,WY,wind energy,CC,commercial sector,B,billion btu
WYCCP,wind electricity net generation in the commercial sector,WY,wind energy,CC,commercial sector,P,million kilowatthours
WYEGB,wind energy consumed for electricity generation by the electric power sector,WY,wind energy,EG,electric power sector,B,billion btu
WYEGP,wind electricity net generation in the electric power sector,WY,wind energy,EG,electric power sector,P,million kilowatthours
WYICB,wind energy consumed by the industrial sector,WY,wind energy,IC,industrial sector,B,billion btu
WYICP,wind electricity net generation in the industrial sector,WY,wind energy,IC,industrial sector,P,million kilowatthours
WYTCB,wind energy total consumption,WY,wind energy,TC,total consumption,B,billion btu
WYTCP,wind electricity total net generation,WY,wind energy,TC,total consumption,P,million kilowatthours
WYTXB,wind energy total end-use consumption,WY,wind energy,TX,all end-use sectors,B,billion btu
WYTXP,wind energy total end-use net generation,WY,wind energy,TX,all end-use sectors,P,million kilowatthours