sector_code,summary_code,underlying_code,detail_code,naics_code,sector_desc,summary_desc,underlying_desc,detail_desc,notes
G,GFE,GFE,S00101,,Government,Federal government enterprises,Federal government enterprises,Federal electric utilities,**
G,GSLE,GSLE,S00201,,Government,State and local government enterprises,State and local government enterprises,State and local government passenger transit,**
G,GSLE,GSLE,S00202,,Government,State and local government enterprises,State and local government enterprises,State and local government electric utilities,**
23,23,23EH,233210,23,Construction,Construction,"Education, hospital, and health structures",Health care structures,†
23,23,23EH,233262,23,Construction,Construction,"Education, hospital, and health structures",Educational and vocational structures,†
23,23,23MR,230301,23,Construction,Construction,Maintenance and repair construction,Nonresidential maintenance and repair,†
23,23,23MR,230302,23,Construction,Construction,Maintenance and repair construction,Residential maintenance and repair,†
23,23,23OC,2332A0,23,Construction,Construction,Office and commercial structures,Office and commercial structures,†
23,23,23OR,233412,23,Construction,Construction,Other residential construction,Multifamily residential structures,†
23,23,23OR,2334A0,23,Construction,Construction,Other residential construction,Other residential structures,†
23,23,23OT,233230,23,Construction,Construction,Other nonresidential structures,Manufacturing structures,†
23,23,23PC,233240,23,Construction,Construction,Power and communication structures,Power and communication structures,†
23,23,23SF,233411,23,Construction,Construction,Single-family residential structures,Single-family residential structures,†
Other,Other,S003,S00300,,Noncomparable imports and rest-of-the-world adjustment,Noncomparable imports and rest-of-the-world adjustment,Noncomparable imports,Noncomparable imports,††
Other,Other,S009,S00900,,Noncomparable imports and rest-of-the-world adjustment,Noncomparable imports and rest-of-the-world adjustment,Rest of the world adjustment,Rest of the world adjustment,††
Used,Used,S004,S00401,,"Scrap, used and secondhand goods","Scrap, used and secondhand goods","Scrap, used and secondhand goods",Scrap,††
Used,Used,S004,S00402,,"Scrap, used and secondhand goods","Scrap, used and secondhand goods","Scrap, used and secondhand goods",Used and secondhand goods,††
33DG,331,3313NF,331314,331314,Durable goods,Primary metals,Nonferrous metal production and processing and foundries,Secondary smelting and alloying of aluminum,‡
11,111CA,111,1111A0,11111-2,"Agriculture, forestry, fishing, and hunting",Farms,Crop production,Oilseed farming,
11,111CA,111,1111B0,"11113-6, 11119","Agriculture, forestry, fishing, and hunting",Farms,Crop production,Grain farming,
11,111CA,111,111200,1112,"Agriculture, forestry, fishing, and hunting",Farms,Crop production,Vegetable and melon farming,
11,111CA,111,111300,1113,"Agriculture, forestry, fishing, and hunting",Farms,Crop production,Fruit and tree nut farming,
11,111CA,111,111400,1114,"Agriculture, forestry, fishing, and hunting",Farms,Crop production,"Greenhouse, nursery, and floriculture production",
11,111CA,111,111900,1119,"Agriculture, forestry, fishing, and hunting",Farms,Crop production,Other crop farming,
11,111CA,112,1121A0,"11211, 11213","Agriculture, forestry, fishing, and hunting",Farms,Animal production and aquaculture,"Beef cattle ranching and farming, including feedlots and dual-purpose ranching and farming",
11,111CA,112,112120,11212,"Agriculture, forestry, fishing, and hunting",Farms,Animal production and aquaculture,Dairy cattle and milk production,
11,111CA,112,112A00,"1122, 1124-5, 1129","Agriculture, forestry, fishing, and hunting",Farms,Animal production and aquaculture,"Animal production, except cattle and poultry and eggs",
11,111CA,112,112300,1123,"Agriculture, forestry, fishing, and hunting",Farms,Animal production and aquaculture,Poultry and egg production,
11,113FF,113FF,113000,113,"Agriculture, forestry, fishing, and hunting","Forestry, fishing, and related activities","Forestry, fishing, and related activities",Forestry and logging,
11,113FF,113FF,114000,114,"Agriculture, forestry, fishing, and hunting","Forestry, fishing, and related activities","Forestry, fishing, and related activities","Fishing, hunting and trapping",
11,113FF,113FF,115000,115,"Agriculture, forestry, fishing, and hunting","Forestry, fishing, and related activities","Forestry, fishing, and related activities",Support activities for agriculture and forestry,
21,211,211,211000,211,Mining,Oil and gas extraction,Oil and gas extraction,Oil and gas extraction,
21,212,212,212100,2121,Mining,"Mining, except oil and gas","Mining, except oil and gas",Coal mining,
21,212,212,2122A0,"21221, 21222, 21229",Mining,"Mining, except oil and gas","Mining, except oil and gas","Iron, gold, silver, and other metal ore mining",
21,212,212,212230,21223,Mining,"Mining, except oil and gas","Mining, except oil and gas","Copper, nickel, lead, and zinc mining",
21,212,212,212310,21231,Mining,"Mining, except oil and gas","Mining, except oil and gas",Stone mining and quarrying,
21,212,212,2123A0,"21232, 21239",Mining,"Mining, except oil and gas","Mining, except oil and gas",Other nonmetallic mineral mining and quarrying,
21,213,213,213111,213111,Mining,Support activities for mining,Support activities for mining,Drilling oil and gas wells,
21,213,213,21311A,213112-5,Mining,Support activities for mining,Support activities for mining,Other support activities for mining,
22,22,2211,221100,2211,Utilities,Utilities,"Electric power generation, transmission, and distribution","Electric power generation, transmission, and distribution",
22,22,2212NW,221200,2212,Utilities,Utilities,"Natural gas distribution and water, sewage and other systems",Natural gas distribution,
22,22,2212NW,221300,2213,Utilities,Utilities,"Natural gas distribution and water, sewage and other systems","Water, sewage and other systems",
23,23,23OT,2332D0,23,Construction,Construction,Other nonresidential structures,Other nonresidential structures,
23,23,23TH,2332C0,23,Construction,Construction,Transportation structures and highways and streets,Transportation structures and highways and streets,
31ND,311FT,311,311111,311111,Nondurable goods,Food and beverage and tobacco products,Food manufacturing,Dog and cat food manufacturing,
31ND,311FT,311,311119,311119,Nondurable goods,Food and beverage and tobacco products,Food manufacturing,Other animal food manufacturing,
31ND,311FT,311,311210,31121,Nondurable goods,Food and beverage and tobacco products,Food manufacturing,Flour milling and malt manufacturing,
31ND,311FT,311,311221,311221,Nondurable goods,Food and beverage and tobacco products,Food manufacturing,Wet corn milling,
31ND,311FT,311,311224,311224,Nondurable goods,Food and beverage and tobacco products,Food manufacturing,Soybean and other oilseed processing,
31ND,311FT,311,311225,311225,Nondurable goods,Food and beverage and tobacco products,Food manufacturing,Fats and oils refining and blending,
31ND,311FT,311,311230,31123,Nondurable goods,Food and beverage and tobacco products,Food manufacturing,Breakfast cereal manufacturing,
31ND,311FT,311,311300,3113,Nondurable goods,Food and beverage and tobacco products,Food manufacturing,Sugar and confectionery product manufacturing,
31ND,311FT,311,311410,31141,Nondurable goods,Food and beverage and tobacco products,Food manufacturing,Frozen food manufacturing,
31ND,311FT,311,311420,31142,Nondurable goods,Food and beverage and tobacco products,Food manufacturing,"Fruit and vegetable canning, pickling, and drying",
31ND,311FT,311,31151A,311511-2,Nondurable goods,Food and beverage and tobacco products,Food manufacturing,Fluid milk and butter manufacturing,
31ND,311FT,311,311513,311513,Nondurable goods,Food and beverage and tobacco products,Food manufacturing,Cheese manufacturing,
31ND,311FT,311,311514,311514,Nondurable goods,Food and beverage and tobacco products,Food manufacturing,"Dry, condensed, and evaporated dairy product manufacturing",
31ND,311FT,311,311520,31152,Nondurable goods,Food and beverage and tobacco products,Food manufacturing,Ice cream and frozen dessert manufacturing,
31ND,311FT,311,31161A,311611-3,Nondurable goods,Food and beverage and tobacco products,Food manufacturing,"Animal (except poultry) slaughtering, rendering, and processing",
31ND,311FT,311,311615,311615,Nondurable goods,Food and beverage and tobacco products,Food manufacturing,Poultry processing,
31ND,311FT,311,311700,3117,Nondurable goods,Food and beverage and tobacco products,Food manufacturing,Seafood product preparation and packaging,
31ND,311FT,311,311810,31181,Nondurable goods,Food and beverage and tobacco products,Food manufacturing,Bread and bakery product manufacturing,
31ND,311FT,311,3118A0,31182-3,Nondurable goods,Food and beverage and tobacco products,Food manufacturing,"Cookie, cracker, pasta, and tortilla manufacturing",
31ND,311FT,311,311910,31191,Nondurable goods,Food and beverage and tobacco products,Food manufacturing,Snack food manufacturing,
31ND,311FT,311,311920,31192,Nondurable goods,Food and beverage and tobacco products,Food manufacturing,Coffee and tea manufacturing,
31ND,311FT,311,311930,31193,Nondurable goods,Food and beverage and tobacco products,Food manufacturing,Flavoring syrup and concentrate manufacturing,
31ND,311FT,311,311940,31194,Nondurable goods,Food and beverage and tobacco products,Food manufacturing,Seasoning and dressing manufacturing,
31ND,311FT,311,311990,31199,Nondurable goods,Food and beverage and tobacco products,Food manufacturing,All other food manufacturing,
31ND,311FT,3121,312110,31211,Nondurable goods,Food and beverage and tobacco products,Beverage manufacturing,Soft drink and ice manufacturing,
31ND,311FT,3121,312120,31212,Nondurable goods,Food and beverage and tobacco products,Beverage manufacturing,Breweries,
31ND,311FT,3121,312130,31213,Nondurable goods,Food and beverage and tobacco products,Beverage manufacturing,Wineries,
31ND,311FT,3121,312140,31214,Nondurable goods,Food and beverage and tobacco products,Beverage manufacturing,Distilleries,
31ND,311FT,3122,312200,3122,Nondurable goods,Food and beverage and tobacco products,Tobacco manufacturing,Tobacco manufacturing,
31ND,313TT,313TT,313100,3131,Nondurable goods,Textile mills and textile product mills,Textile mills and textile product mills,"Fiber, yarn, and thread mills",
31ND,313TT,313TT,313200,3132,Nondurable goods,Textile mills and textile product mills,Textile mills and textile product mills,Fabric mills,
31ND,313TT,313TT,313300,3133,Nondurable goods,Textile mills and textile product mills,Textile mills and textile product mills,Textile and fabric finishing and fabric coating mills,
31ND,313TT,313TT,314110,31411,Nondurable goods,Textile mills and textile product mills,Textile mills and textile product mills,Carpet and rug mills,
31ND,313TT,313TT,314120,31412,Nondurable goods,Textile mills and textile product mills,Textile mills and textile product mills,Curtain and linen mills,
31ND,313TT,313TT,314900,3149,Nondurable goods,Textile mills and textile product mills,Textile mills and textile product mills,Other textile product mills,
31ND,315AL,315AL,315000,315,Nondurable goods,Apparel and leather and allied products,Apparel and leather and allied products,Apparel manufacturing,
31ND,315AL,315AL,316000,316,Nondurable goods,Apparel and leather and allied products,Apparel and leather and allied products,Leather and allied product manufacturing,
31ND,322,322,322110,32211,Nondurable goods,Paper products,Paper products,Pulp mills,
31ND,322,322,322120,32212,Nondurable goods,Paper products,Paper products,Paper mills,
31ND,322,322,322130,32213,Nondurable goods,Paper products,Paper products,Paperboard mills,
31ND,322,322,322210,32221,Nondurable goods,Paper products,Paper products,Paperboard container manufacturing,
31ND,322,322,322220,32222,Nondurable goods,Paper products,Paper products,Paper bag and coated and treated paper manufacturing,
31ND,322,322,322230,32223,Nondurable goods,Paper products,Paper products,Stationery product manufacturing,
31ND,322,322,322291,322291,Nondurable goods,Paper products,Paper products,Sanitary paper product manufacturing,
31ND,322,322,322299,322299,Nondurable goods,Paper products,Paper products,All other converted paper product manufacturing,
31ND,323,323,323110,32311,Nondurable goods,Printing and related support activities,Printing and related support activities,Printing,
31ND,323,323,323120,32312,Nondurable goods,Printing and related support activities,Printing and related support activities,Support activities for printing,
31ND,324,324,324110,32411,Nondurable goods,Petroleum and coal products,Petroleum and coal products,Petroleum refineries,
31ND,324,324,324121,324121,Nondurable goods,Petroleum and coal products,Petroleum and coal products,Asphalt paving mixture and block manufacturing,
31ND,324,324,324122,324122,Nondurable goods,Petroleum and coal products,Petroleum and coal products,Asphalt shingle and coating materials manufacturing,
31ND,324,324,324190,32419,Nondurable goods,Petroleum and coal products,Petroleum and coal products,Other petroleum and coal products manufacturing,
31ND,325,3251,325110,32511,Nondurable goods,Chemical products,Basic chemical manufacturing,Petrochemical manufacturing,
31ND,325,3251,325120,32512,Nondurable goods,Chemical products,Basic chemical manufacturing,Industrial gas manufacturing,
31ND,325,3251,325130,32513,Nondurable goods,Chemical products,Basic chemical manufacturing,Synthetic dye and pigment manufacturing,
31ND,325,3251,325180,32518,Nondurable goods,Chemical products,Basic chemical manufacturing,Other basic inorganic chemical manufacturing,
31ND,325,3251,325190,32519,Nondurable goods,Chemical products,Basic chemical manufacturing,Other basic organic chemical manufacturing,
31ND,325,3252,325211,325211,Nondurable goods,Chemical products,"Resin, rubber, and artificial fibers manufacturing",Plastics material and resin manufacturing,
31ND,325,3252,3252A0,"325212, 32522",Nondurable goods,Chemical products,"Resin, rubber, and artificial fibers manufacturing",Synthetic rubber and artificial and synthetic fibers and filaments manufacturing,
31ND,325,3254,325411,325411,Nondurable goods,Chemical products,Pharmaceutical and medicine manufacturing,Medicinal and botanical manufacturing,
31ND,325,3254,325412,325412,Nondurable goods,Chemical products,Pharmaceutical and medicine manufacturing,Pharmaceutical preparation manufacturing,
31ND,325,3254,325413,325413,Nondurable goods,Chemical products,Pharmaceutical and medicine manufacturing,In-vitro diagnostic substance manufacturing,
31ND,325,3254,325414,325414,Nondurable goods,Chemical products,Pharmaceutical and medicine manufacturing,Biological product (except diagnostic) manufacturing,
31ND,325,325X,325310,32531,Nondurable goods,Chemical products,Other chemical manufacturing,Fertilizer manufacturing,
31ND,325,325X,325320,32532,Nondurable goods,Chemical products,Other chemical manufacturing,Pesticide and other agricultural chemical manufacturing,
31ND,325,325X,325510,32551,Nondurable goods,Chemical products,Other chemical manufacturing,Paint and coating manufacturing,
31ND,325,325X,325520,32552,Nondurable goods,Chemical products,Other chemical manufacturing,Adhesive manufacturing,
31ND,325,325X,325610,32561,Nondurable goods,Chemical products,Other chemical manufacturing,Soap and cleaning compound manufacturing,
31ND,325,325X,325620,32562,Nondurable goods,Chemical products,Other chemical manufacturing,Toilet preparation manufacturing,
31ND,325,325X,325910,32591,Nondurable goods,Chemical products,Other chemical manufacturing,Printing ink manufacturing,
31ND,325,325X,3259A0,"32592, 32599",Nondurable goods,Chemical products,Other chemical manufacturing,All other chemical product and preparation manufacturing,
31ND,326,326,326110,32611,Nondurable goods,Plastics and rubber products,Plastics and rubber products,Plastics packaging materials and unlaminated film and sheet manufacturing,
31ND,326,326,326120,32612,Nondurable goods,Plastics and rubber products,Plastics and rubber products,"Plastics pipe, pipe fitting, and unlaminated profile shape manufacturing",
31ND,326,326,326130,32613,Nondurable goods,Plastics and rubber products,Plastics and rubber products,"Laminated plastics plate, sheet (except packaging), and shape manufacturing",
31ND,326,326,326140,32614,Nondurable goods,Plastics and rubber products,Plastics and rubber products,Polystyrene foam product manufacturing,
31ND,326,326,326150,32615,Nondurable goods,Plastics and rubber products,Plastics and rubber products,Urethane and other foam product (except polystyrene) manufacturing,
31ND,326,326,326160,32616,Nondurable goods,Plastics and rubber products,Plastics and rubber products,Plastics bottle manufacturing,
31ND,326,326,326190,32619,Nondurable goods,Plastics and rubber products,Plastics and rubber products,Other plastics product manufacturing,
31ND,326,326,326210,32621,Nondurable goods,Plastics and rubber products,Plastics and rubber products,Tire manufacturing,
31ND,326,326,326220,32622,Nondurable goods,Plastics and rubber products,Plastics and rubber products,Rubber and plastics hoses and belting manufacturing,
31ND,326,326,326290,32629,Nondurable goods,Plastics and rubber products,Plastics and rubber products,Other rubber product manufacturing,
33DG,321,321,321100,3211,Durable goods,Wood products,Wood products,Sawmills and wood preservation,
33DG,321,321,321200,3212,Durable goods,Wood products,Wood products,"Veneer, plywood, and engineered wood product manufacturing",
33DG,321,321,321910,32191,Durable goods,Wood products,Wood products,Millwork,
33DG,321,321,3219A0,32192-9,Durable goods,Wood products,Wood products,All other wood product manufacturing,
33DG,327,327,327100,3271,Durable goods,Nonmetallic mineral products,Nonmetallic mineral products,Clay product and refractory manufacturing,
33DG,327,327,327200,3272,Durable goods,Nonmetallic mineral products,Nonmetallic mineral products,Glass and glass product manufacturing,
33DG,327,327,327310,32731,Durable goods,Nonmetallic mineral products,Nonmetallic mineral products,Cement manufacturing,
33DG,327,327,327320,32732,Durable goods,Nonmetallic mineral products,Nonmetallic mineral products,Ready-mix concrete manufacturing,
33DG,327,327,327330,32733,Durable goods,Nonmetallic mineral products,Nonmetallic mineral products,"Concrete pipe, brick, and block manufacturing",
33DG,327,327,327390,32739,Durable goods,Nonmetallic mineral products,Nonmetallic mineral products,Other concrete product manufacturing,
33DG,327,327,327400,3274,Durable goods,Nonmetallic mineral products,Nonmetallic mineral products,Lime and gypsum product manufacturing,
33DG,327,327,327910,32791,Durable goods,Nonmetallic mineral products,Nonmetallic mineral products,Abrasive product manufacturing,
33DG,327,327,327991,327991,Durable goods,Nonmetallic mineral products,Nonmetallic mineral products,Cut stone and stone product manufacturing,
33DG,327,327,327992,327992,Durable goods,Nonmetallic mineral products,Nonmetallic mineral products,Ground or treated mineral and earth manufacturing,
33DG,327,327,327993,327993,Durable goods,Nonmetallic mineral products,Nonmetallic mineral products,Mineral wool manufacturing,
33DG,327,327,327999,327999,Durable goods,Nonmetallic mineral products,Nonmetallic mineral products,Miscellaneous nonmetallic mineral products,
33DG,331,3311IS,331110,3311,Durable goods,Primary metals,Iron and steel mills and manufacturing from purchased steel,Iron and steel mills and ferroalloy manufacturing,
33DG,331,3311IS,331200,3312,Durable goods,Primary metals,Iron and steel mills and manufacturing from purchased steel,Steel product manufacturing from purchased steel,
33DG,331,3313NF,331313,331313,Durable goods,Primary metals,Nonferrous metal production and processing and foundries,Alumina refining and primary aluminum production,
33DG,331,3313NF,33131B,"331315, 331318",Durable goods,Primary metals,Nonferrous metal production and processing and foundries,Aluminum product manufacturing from purchased aluminum,
33DG,331,3313NF,331410,331410,Durable goods,Primary metals,Nonferrous metal production and processing and foundries,Nonferrous metal (except aluminum) smelting and refining,
33DG,331,3313NF,331420,33142,Durable goods,Primary metals,Nonferrous metal production and processing and foundries,"Copper rolling, drawing, extruding and alloying",
33DG,331,3313NF,331490,33149,Durable goods,Primary metals,Nonferrous metal production and processing and foundries,"Nonferrous metal (except copper and aluminum) rolling, drawing, extruding and alloying",
33DG,331,3313NF,331510,33151,Durable goods,Primary metals,Nonferrous metal production and processing and foundries,Ferrous metal foundries,
33DG,331,3313NF,331520,33152,Durable goods,Primary metals,Nonferrous metal production and processing and foundries,Nonferrous metal foundries,
33DG,332,332,33211A,"332111-2, 332117",Durable goods,Fabricated metal products,Fabricated metal products,"All other forging, stamping, and sintering",
33DG,332,332,332114,332114,Durable goods,Fabricated metal products,Fabricated metal products,Custom roll forming,
33DG,332,332,332119,332119,Durable goods,Fabricated metal products,Fabricated metal products,"Metal crown, closure, and other metal stamping (except automotive)",
33DG,332,332,332200,3322,Durable goods,Fabricated metal products,Fabricated metal products,Cutlery and handtool manufacturing,
33DG,332,332,332310,33231,Durable goods,Fabricated metal products,Fabricated metal products,Plate work and fabricated structural product manufacturing,
33DG,332,332,332320,33232,Durable goods,Fabricated metal products,Fabricated metal products,Ornamental and architectural metal products manufacturing,
33DG,332,332,332410,33241,Durable goods,Fabricated metal products,Fabricated metal products,Power boiler and heat exchanger manufacturing,
33DG,332,332,332420,33242,Durable goods,Fabricated metal products,Fabricated metal products,Metal tank (heavy gauge) manufacturing,
33DG,332,332,332430,33243,Durable goods,Fabricated metal products,Fabricated metal products,"Metal can, box, and other metal container (light gauge) manufacturing",
33DG,332,332,332500,3325,Durable goods,Fabricated metal products,Fabricated metal products,Hardware manufacturing,
33DG,332,332,332600,3326,Durable goods,Fabricated metal products,Fabricated metal products,Spring and wire product manufacturing,
33DG,332,332,332710,33271,Durable goods,Fabricated metal products,Fabricated metal products,Machine shops,
33DG,332,332,332720,33272,Durable goods,Fabricated metal products,Fabricated metal products,"Turned product and screw, nut, and bolt manufacturing",
33DG,332,332,332800,3328,Durable goods,Fabricated metal products,Fabricated metal products,"Coating, engraving, heat treating and allied activities",
33DG,332,332,33291A,"332911-2, 332919",Durable goods,Fabricated metal products,Fabricated metal products,Valve and fittings other than plumbing,
33DG,332,332,332913,332913,Durable goods,Fabricated metal products,Fabricated metal products,Plumbing fixture fitting and trim manufacturing,
33DG,332,332,332991,332991,Durable goods,Fabricated metal products,Fabricated metal products,Ball and roller bearing manufacturing,
33DG,332,332,33299A,332992-4,Durable goods,Fabricated metal products,Fabricated metal products,"Ammunition, arms, ordnance, and accessories manufacturing",
33DG,332,332,332996,332996,Durable goods,Fabricated metal products,Fabricated metal products,Fabricated pipe and pipe fitting manufacturing,
33DG,332,332,332999,332999,Durable goods,Fabricated metal products,Fabricated metal products,Other fabricated metal manufacturing,
33DG,333,33311,333111,333111,Durable goods,Machinery,Agricultural implement manufacturing,Farm machinery and equipment manufacturing,
33DG,333,33311,333112,333112,Durable goods,Machinery,Agricultural implement manufacturing,Lawn and garden equipment manufacturing,
33DG,333,33312,333120,33312,Durable goods,Machinery,Construction machinery manufacturing,Construction machinery manufacturing,
33DG,333,33313,333130,33313,Durable goods,Machinery,Mining and oil and gas field machinery manufacturing,Mining and oil and gas field machinery manufacturing,
33DG,333,3332OM,33329A,"333241, 333243, 333244, 333249",Durable goods,Machinery,Other machinery,Other industrial machinery manufacturing,
33DG,333,3332OM,333242,333242,Durable goods,Machinery,Other machinery,Semiconductor machinery manufacturing,
33DG,333,3332OM,333314,333314,Durable goods,Machinery,Other machinery,Optical instrument and lens manufacturing,
33DG,333,3332OM,333316,333316,Durable goods,Machinery,Other machinery,Photographic and photocopying equipment manufacturing,
33DG,333,3332OM,333318,333318,Durable goods,Machinery,Other machinery,Other commercial and service industry machinery manufacturing,
33DG,333,3332OM,333413,333413,Durable goods,Machinery,Other machinery,Industrial and commercial fan and blower and air purification equipment manufacturing,
33DG,333,3332OM,333414,333414,Durable goods,Machinery,Other machinery,Heating equipment (except warm air furnaces) manufacturing,
33DG,333,3332OM,333415,333415,Durable goods,Machinery,Other machinery,"Air conditioning, refrigeration, and warm air heating equipment manufacturing",
33DG,333,3332OM,333511,333511,Durable goods,Machinery,Other machinery,Industrial mold manufacturing,
33DG,333,3332OM,333514,333514,Durable goods,Machinery,Other machinery,"Special tool, die, jig, and fixture manufacturing",
33DG,333,3332OM,33351B,"333515, 333519",Durable goods,Machinery,Other machinery,"Cutting and machine tool accessory, rolling mill, and other metalworking machinery manufacturing",
33DG,333,3332OM,333517,333517,Durable goods,Machinery,Other machinery,Machine tool manufacturing,
33DG,333,3332OM,333611,333611,Durable goods,Machinery,Other machinery,Turbine and turbine generator set units manufacturing,
33DG,333,3332OM,333612,333612,Durable goods,Machinery,Other machinery,"Speed changer, industrial high-speed drive, and gear manufacturing",
33DG,333,3332OM,333613,333613,Durable goods,Machinery,Other machinery,Mechanical power transmission equipment manufacturing,
33DG,333,3332OM,333618,333618,Durable goods,Machinery,Other machinery,Other engine equipment manufacturing,
33DG,333,3332OM,33391A,"333911, 333913",Durable goods,Machinery,Other machinery,Pump and pumping equipment manufacturing,
33DG,333,3332OM,333912,333912,Durable goods,Machinery,Other machinery,Air and gas compressor manufacturing,
33DG,333,3332OM,333920,33392,Durable goods,Machinery,Other machinery,Material handling equipment manufacturing,
33DG,333,3332OM,333991,333991,Durable goods,Machinery,Other machinery,Power-driven handtool manufacturing,
33DG,333,3332OM,33399A,"333992, 333997, 333999",Durable goods,Machinery,Other machinery,Other general purpose machinery manufacturing,
33DG,333,3332OM,333993,333993,Durable goods,Machinery,Other machinery,Packaging machinery manufacturing,
33DG,333,3332OM,333994,333994,Durable goods,Machinery,Other machinery,Industrial process furnace and oven manufacturing,
33DG,333,3332OM,33399B,333995-6,Durable goods,Machinery,Other machinery,Fluid power process machinery,
33DG,334,3341,334111,334111,Durable goods,Computer and electronic products,Computer and peripheral equipment manufacturing,Electronic computer manufacturing,
33DG,334,3341,334112,334112,Durable goods,Computer and electronic products,Computer and peripheral equipment manufacturing,Computer storage device manufacturing,
33DG,334,3341,334118,334118,Durable goods,Computer and electronic products,Computer and peripheral equipment manufacturing,Computer terminals and other computer peripheral equipment manufacturing,
33DG,334,3342,334210,33421,Durable goods,Computer and electronic products,Communications equipment manufacturing,Telephone apparatus manufacturing,
33DG,334,3342,334220,33422,Durable goods,Computer and electronic products,Communications equipment manufacturing,Broadcast and wireless communications equipment,
33DG,334,3342,334290,33429,Durable goods,Computer and electronic products,Communications equipment manufacturing,Other communications equipment manufacturing,
33DG,334,3344,33441A,"334412, 334416, 334417, 334419",Durable goods,Computer and electronic products,Semiconductor and other electronic component manufacturing,Other electronic component manufacturing,
33DG,334,3344,334413,334413,Durable goods,Computer and electronic products,Semiconductor and other electronic component manufacturing,Semiconductor and related device manufacturing,
33DG,334,3344,334418,334418,Durable goods,Computer and electronic products,Semiconductor and other electronic component manufacturing,Printed circuit assembly (electronic assembly) manufacturing,
33DG,334,3345,334510,334510,Durable goods,Computer and electronic products,"Navigational, measuring, electromedical, and control instruments manufacturing",Electromedical and electrotherapeutic apparatus manufacturing,
33DG,334,3345,334511,334511,Durable goods,Computer and electronic products,"Navigational, measuring, electromedical, and control instruments manufacturing","Search, detection, and navigation instruments manufacturing",
33DG,334,3345,334512,334512,Durable goods,Computer and electronic products,"Navigational, measuring, electromedical, and control instruments manufacturing",Automatic environmental control manufacturing,
33DG,334,3345,334513,334513,Durable goods,Computer and electronic products,"Navigational, measuring, electromedical, and control instruments manufacturing",Industrial process variable instruments manufacturing,
33DG,334,3345,334514,334514,Durable goods,Computer and electronic products,"Navigational, measuring, electromedical, and control instruments manufacturing",Totalizing fluid meter and counting device manufacturing,
33DG,334,3345,334515,334515,Durable goods,Computer and electronic products,"Navigational, measuring, electromedical, and control instruments manufacturing",Electricity and signal testing instruments manufacturing,
33DG,334,3345,334516,334516,Durable goods,Computer and electronic products,"Navigational, measuring, electromedical, and control instruments manufacturing",Analytical laboratory instrument manufacturing,
33DG,334,3345,334517,334517,Durable goods,Computer and electronic products,"Navigational, measuring, electromedical, and control instruments manufacturing",Irradiation apparatus manufacturing,
33DG,334,3345,33451A,334519,Durable goods,Computer and electronic products,"Navigational, measuring, electromedical, and control instruments manufacturing","Watch, clock, and other measuring and controlling device manufacturing",
33DG,334,334X,334300,3343,Durable goods,Computer and electronic products,Other computer and electronic product manufacturing,Audio and video equipment manufacturing,
33DG,334,334X,334610,33461,Durable goods,Computer and electronic products,Other computer and electronic product manufacturing,Manufacturing and reproducing magnetic and optical media,
33DG,335,335,335110,33511,Durable goods,"Electrical equipment, appliances, and components","Electrical equipment, appliances, and components",Electric lamp bulb and part manufacturing,
33DG,335,335,335120,33512,Durable goods,"Electrical equipment, appliances, and components","Electrical equipment, appliances, and components",Lighting fixture manufacturing,
33DG,335,335,335210,33521,Durable goods,"Electrical equipment, appliances, and components","Electrical equipment, appliances, and components",Small electrical appliance manufacturing,
33DG,335,335,335221,335221,Durable goods,"Electrical equipment, appliances, and components","Electrical equipment, appliances, and components",Household cooking appliance manufacturing,
33DG,335,335,335222,335222,Durable goods,"Electrical equipment, appliances, and components","Electrical equipment, appliances, and components",Household refrigerator and home freezer manufacturing,
33DG,335,335,335224,335224,Durable goods,"Electrical equipment, appliances, and components","Electrical equipment, appliances, and components",Household laundry equipment manufacturing,
33DG,335,335,335228,335228,Durable goods,"Electrical equipment, appliances, and components","Electrical equipment, appliances, and components",Other major household appliance manufacturing,
33DG,335,335,335311,335311,Durable goods,"Electrical equipment, appliances, and components","Electrical equipment, appliances, and components","Power, distribution, and specialty transformer manufacturing",
33DG,335,335,335312,335312,Durable goods,"Electrical equipment, appliances, and components","Electrical equipment, appliances, and components",Motor and generator manufacturing,
33DG,335,335,335313,335313,Durable goods,"Electrical equipment, appliances, and components","Electrical equipment, appliances, and components",Switchgear and switchboard apparatus manufacturing,
33DG,335,335,335314,335314,Durable goods,"Electrical equipment, appliances, and components","Electrical equipment, appliances, and components",Relay and industrial control manufacturing,
33DG,335,335,335911,335911,Durable goods,"Electrical equipment, appliances, and components","Electrical equipment, appliances, and components",Storage battery manufacturing,
33DG,335,335,335912,335912,Durable goods,"Electrical equipment, appliances, and components","Electrical equipment, appliances, and components",Primary battery manufacturing,
33DG,335,335,335920,33592,Durable goods,"Electrical equipment, appliances, and components","Electrical equipment, appliances, and components",Communication and energy wire and cable manufacturing,
33DG,335,335,335930,33593,Durable goods,"Electrical equipment, appliances, and components","Electrical equipment, appliances, and components",Wiring device manufacturing,
33DG,335,335,335991,335991,Durable goods,"Electrical equipment, appliances, and components","Electrical equipment, appliances, and components",Carbon and graphite product manufacturing,
33DG,335,335,335999,335999,Durable goods,"Electrical equipment, appliances, and components","Electrical equipment, appliances, and components",All other miscellaneous electrical equipment and component manufacturing,
33DG,3361MV,336111,336111,336111,Durable goods,"Motor vehicles, bodies and trailers, and parts",Automobile manufacturing,Automobile manufacturing,
33DG,3361MV,336112,336112,336112,Durable goods,"Motor vehicles, bodies and trailers, and parts",Light truck and utility vehicle manufacturing,Light truck and utility vehicle manufacturing,
33DG,3361MV,33612,336120,33612,Durable goods,"Motor vehicles, bodies and trailers, and parts",Heavy duty truck manufacturing,Heavy duty truck manufacturing,
33DG,3361MV,3362BP,336211,336211,Durable goods,"Motor vehicles, bodies and trailers, and parts","Motor vehicle body, trailer, and parts manufacturing",Motor vehicle body manufacturing,
33DG,3361MV,3362BP,336212,336212,Durable goods,"Motor vehicles, bodies and trailers, and parts","Motor vehicle body, trailer, and parts manufacturing",Truck trailer manufacturing,
33DG,3361MV,3362BP,336213,336213,Durable goods,"Motor vehicles, bodies and trailers, and parts","Motor vehicle body, trailer, and parts manufacturing",Motor home manufacturing,
33DG,3361MV,3362BP,336214,336214,Durable goods,"Motor vehicles, bodies and trailers, and parts","Motor vehicle body, trailer, and parts manufacturing",Travel trailer and camper manufacturing,
33DG,3361MV,3362BP,336310,33631,Durable goods,"Motor vehicles, bodies and trailers, and parts","Motor vehicle body, trailer, and parts manufacturing",Motor vehicle gasoline engine and engine parts manufacturing,
33DG,3361MV,3362BP,336320,33632,Durable goods,"Motor vehicles, bodies and trailers, and parts","Motor vehicle body, trailer, and parts manufacturing",Motor vehicle electrical and electronic equipment manufacturing,
33DG,3361MV,3362BP,3363A0,33633-4,Durable goods,"Motor vehicles, bodies and trailers, and parts","Motor vehicle body, trailer, and parts manufacturing","Motor vehicle steering, suspension component (except spring), and brake systems manufacturing",
33DG,3361MV,3362BP,336350,33635,Durable goods,"Motor vehicles, bodies and trailers, and parts","Motor vehicle body, trailer, and parts manufacturing",Motor vehicle transmission and power train parts manufacturing,
33DG,3361MV,3362BP,336360,33636,Durable goods,"Motor vehicles, bodies and trailers, and parts","Motor vehicle body, trailer, and parts manufacturing",Motor vehicle seating and interior trim manufacturing,
33DG,3361MV,3362BP,336370,33637,Durable goods,"Motor vehicles, bodies and trailers, and parts","Motor vehicle body, trailer, and parts manufacturing",Motor vehicle metal stamping,
33DG,3361MV,3362BP,336390,33639,Durable goods,"Motor vehicles, bodies and trailers, and parts","Motor vehicle body, trailer, and parts manufacturing",Other motor vehicle parts manufacturing,
33DG,3364OT,3364,336411,336411,Durable goods,Other transportation equipment,Aerospace product and parts manufacturing,Aircraft manufacturing,
33DG,3364OT,3364,336412,336412,Durable goods,Other transportation equipment,Aerospace product and parts manufacturing,Aircraft engine and engine parts manufacturing,
33DG,3364OT,3364,336413,336413,Durable goods,Other transportation equipment,Aerospace product and parts manufacturing,Other aircraft parts and auxiliary equipment manufacturing,
33DG,3364OT,3364,336414,336414,Durable goods,Other transportation equipment,Aerospace product and parts manufacturing,Guided missile and space vehicle manufacturing,
33DG,3364OT,3364,33641A,"336415, 336419",Durable goods,Other transportation equipment,Aerospace product and parts manufacturing,Propulsion units and parts for space vehicles and guided missiles,
33DG,3364OT,3365AO,336500,3365,Durable goods,Other transportation equipment,All other transportation equipment manufacturing,Railroad rolling stock manufacturing,
33DG,3364OT,3365AO,336611,336611,Durable goods,Other transportation equipment,All other transportation equipment manufacturing,Ship building and repairing,
33DG,3364OT,3365AO,336612,336612,Durable goods,Other transportation equipment,All other transportation equipment manufacturing,Boat building,
33DG,3364OT,3365AO,336991,336991,Durable goods,Other transportation equipment,All other transportation equipment manufacturing,"Motorcycle, bicycle, and parts manufacturing",
33DG,3364OT,3365AO,336992,336992,Durable goods,Other transportation equipment,All other transportation equipment manufacturing,"Military armored vehicle, tank, and tank component manufacturing",
33DG,3364OT,3365AO,336999,336999,Durable goods,Other transportation equipment,All other transportation equipment manufacturing,All other transportation equipment manufacturing,
33DG,337,337,337110,33711,Durable goods,Furniture and related products,Furniture and related products,Wood kitchen cabinet and countertop manufacturing,
33DG,337,337,337121,337121,Durable goods,Furniture and related products,Furniture and related products,Upholstered household furniture manufacturing,
33DG,337,337,337122,337122,Durable goods,Furniture and related products,Furniture and related products,Nonupholstered wood household furniture manufacturing,
33DG,337,337,33712N,337124-5,Durable goods,Furniture and related products,Furniture and related products,Other household nonupholstered furniture,
33DG,337,337,337127,337127,Durable goods,Furniture and related products,Furniture and related products,Institutional furniture manufacturing,
33DG,337,337,33721A,"337211-2, 337214",Durable goods,Furniture and related products,Furniture and related products,Office furniture and custom architectural woodwork and millwork manufacturing,
33DG,337,337,337215,337215,Durable goods,Furniture and related products,Furniture and related products,"Showcase, partition, shelving, and locker manufacturing",
33DG,337,337,337900,3379,Durable goods,Furniture and related products,Furniture and related products,Other furniture related product manufacturing,
33DG,339,3391,339112,339112,Durable goods,Miscellaneous manufacturing,Medical equipment and supplies manufacturing,Surgical and medical instrument manufacturing,
33DG,339,3391,339113,339113,Durable goods,Miscellaneous manufacturing,Medical equipment and supplies manufacturing,Surgical appliance and supplies manufacturing,
33DG,339,3391,339114,339114,Durable goods,Miscellaneous manufacturing,Medical equipment and supplies manufacturing,Dental equipment and supplies manufacturing,
33DG,339,3391,339115,339115,Durable goods,Miscellaneous manufacturing,Medical equipment and supplies manufacturing,Ophthalmic goods manufacturing,
33DG,339,3391,339116,339116,Durable goods,Miscellaneous manufacturing,Medical equipment and supplies manufacturing,Dental laboratories,
33DG,339,3399,339910,33991,Durable goods,Miscellaneous manufacturing,Other miscellaneous manufacturing,Jewelry and silverware manufacturing,
33DG,339,3399,339920,33992,Durable goods,Miscellaneous manufacturing,Other miscellaneous manufacturing,Sporting and athletic goods manufacturing,
33DG,339,3399,339930,33993,Durable goods,Miscellaneous manufacturing,Other miscellaneous manufacturing,"Doll, toy, and game manufacturing",
33DG,339,3399,339940,33994,Durable goods,Miscellaneous manufacturing,Other miscellaneous manufacturing,Office supplies (except paper) manufacturing,
33DG,339,3399,339950,33995,Durable goods,Miscellaneous manufacturing,Other miscellaneous manufacturing,Sign manufacturing,
33DG,339,3399,339990,33999,Durable goods,Miscellaneous manufacturing,Other miscellaneous manufacturing,All other miscellaneous manufacturing,
42,42,4231,423100,4231,Wholesale trade,Wholesale trade,Motor vehicle and motor vehicle parts and supplies,Motor vehicle and motor vehicle parts and supplies,
42,42,4234,423400,4234,Wholesale trade,Wholesale trade,Professional and commercial equipment and supplies,Professional and commercial equipment and supplies,
42,42,4236,423600,4236,Wholesale trade,Wholesale trade,Household appliances and electrical and electronic goods,Household appliances and electrical and electronic goods,
42,42,4238,423800,4238,Wholesale trade,Wholesale trade,"Machinery, equipment, and supplies","Machinery, equipment, and supplies",
42,42,423X,423A00,"4232, 4233, 4235, 4237, 4239",Wholesale trade,Wholesale trade,Other durable goods merchant wholesalers,Other durable goods merchant wholesalers,
42,42,4242,424200,4242,Wholesale trade,Wholesale trade,Drugs and druggists' sundries,Drugs and druggists' sundries,
42,42,4244,424400,4244,Wholesale trade,Wholesale trade,Grocery and related product wholesalers,Grocery and related product wholesalers,
42,42,4247,424700,4247,Wholesale trade,Wholesale trade,Petroleum and petroleum products,Petroleum and petroleum products,
42,42,424X,424A00,"4241, 4243, 4245, 4246, 4248, 4249",Wholesale trade,Wholesale trade,Other nondurable goods merchant wholesalers,Other nondurable goods merchant wholesalers,
42,42,425,425000,425,Wholesale trade,Wholesale trade,Wholesale electronic markets and agents and brokers,Wholesale electronic markets and agents and brokers,
42,42,42ID,4200ID,,Wholesale trade,Wholesale trade,Customs duties,Customs duties,
44RT,441,441,441000,441,Retail trade,Motor vehicle and parts dealers,Motor vehicle and parts dealers,Motor vehicle and parts dealers,
44RT,445,445,445000,445,Retail trade,Food and beverage stores,Food and beverage stores,Food and beverage stores,
44RT,452,452,452000,452,Retail trade,General merchandise stores,General merchandise stores,General merchandise stores,
44RT,4A0,444,444000,444,Retail trade,Other retail,Building material and garden equipment and supplies dealers,Building material and garden equipment and supplies dealers,
44RT,4A0,446,446000,446,Retail trade,Other retail,Health and personal care stores,Health and personal care stores,
44RT,4A0,447,447000,447,Retail trade,Other retail,Gasoline stations,Gasoline stations,
44RT,4A0,448,448000,448,Retail trade,Other retail,Clothing and clothing accessories stores,Clothing and clothing accessories stores,
44RT,4A0,454,454000,454,Retail trade,Other retail,Nonstore retailers,Nonstore retailers,
44RT,4A0,4A0X,4B0000,"442, 443, 451, 453",Retail trade,Other retail,All other retail,All other retail,
48TW,481,481,481000,481,"Transportation and warehousing, excluding postal service",Air transportation,Air transportation,Air transportation,
48TW,482,482,482000,482,"Transportation and warehousing, excluding postal service",Rail transportation,Rail transportation,Rail transportation,
48TW,483,483,483000,483,"Transportation and warehousing, excluding postal service",Water transportation,Water transportation,Water transportation,
48TW,484,484,484000,484,"Transportation and warehousing, excluding postal service",Truck transportation,Truck transportation,Truck transportation,
48TW,485,485,485000,485,"Transportation and warehousing, excluding postal service",Transit and ground passenger transportation,Transit and ground passenger transportation,Transit and ground passenger transportation,
48TW,486,486,486000,486,"Transportation and warehousing, excluding postal service",Pipeline transportation,Pipeline transportation,Pipeline transportation,
48TW,487OS,48A,48A000,"487, 488","Transportation and warehousing, excluding postal service",Other transportation and support activities,Scenic and sightseeing transportation and support activities,Scenic and sightseeing transportation and support activities,
48TW,487OS,492,492000,492,"Transportation and warehousing, excluding postal service",Other transportation and support activities,Couriers and messengers,Couriers and messengers,
48TW,493,493,493000,493,"Transportation and warehousing, excluding postal service",Warehousing and storage,Warehousing and storage,Warehousing and storage,
51,511,5111,511110,51111,Information,"Publishing industries, except internet (includes software)","Newspaper, periodical, book, and directory publishers",Newspaper publishers,
51,511,5111,511120,51112,Information,"Publishing industries, except internet (includes software)","Newspaper, periodical, book, and directory publishers",Periodical publishers,
51,511,5111,511130,51113,Information,"Publishing industries, except internet (includes software)","Newspaper, periodical, book, and directory publishers",Book publishers,
51,511,5111,5111A0,"51114, 51119",Information,"Publishing industries, except internet (includes software)","Newspaper, periodical, book, and directory publishers","Directory, mailing list, and other publishers",
51,511,5112,511200,51121,Information,"Publishing industries, except internet (includes software)",Software publishers,Software publishers,
51,512,512,512100,5121,Information,Motion picture and sound recording industries,Motion picture and sound recording industries,Motion picture and video industries,
51,512,512,512200,5122,Information,Motion picture and sound recording industries,Motion picture and sound recording industries,Sound recording industries,
51,513,515,515100,5151,Information,Broadcasting and telecommunications,Broadcasting (except Internet),Radio and television broadcasting,
51,513,515,515200,5152,Information,Broadcasting and telecommunications,Broadcasting (except Internet),Cable and other subscription programming,
51,513,5171,517110,5171,Information,Broadcasting and telecommunications,Wired telecommunications carriers,Wired telecommunications carriers,
51,513,5172,517210,5172,Information,Broadcasting and telecommunications,Wireless telecommunications carriers (except satellite),Wireless telecommunications carriers (except satellite),
51,513,5174OT,517A00,5174-9,Information,Broadcasting and telecommunications,"Other telecommunications, including satellite","Satellite, telecommunications resellers, and all other telecommunications",
51,514,518,518200,5182,Information,"Data processing, internet publishing, and other information services","Data processing, hosting, and related services","Data processing, hosting, and related services",
51,514,519,5191A0,"51911-2, 51919",Information,"Data processing, internet publishing, and other information services",Other information services,"News syndicates, libraries, archives and all other information services",
51,514,519,519130,51913,Information,"Data processing, internet publishing, and other information services",Other information services,Internet publishing and broadcasting and Web search portals,
52,521CI,521CI,52A000,"521, 5221",Finance and insurance,"Federal Reserve banks, credit intermediation, and related activities","Federal Reserve banks, credit intermediation, and related activities",Monetary authorities and depository credit intermediation,
52,521CI,521CI,522A00,5222-3,Finance and insurance,"Federal Reserve banks, credit intermediation, and related activities","Federal Reserve banks, credit intermediation, and related activities",Nondepository credit intermediation and related activities,
52,523,523,523A00,5231-2,Finance and insurance,"Securities, commodity contracts, and investments","Securities, commodity contracts, and investments",Securities and commodity contracts intermediation and brokerage,
52,523,523,523900,5239,Finance and insurance,"Securities, commodity contracts, and investments","Securities, commodity contracts, and investments",Other financial investment activities,
52,524,524113,524113,524113,Finance and insurance,Insurance carriers and related activities,Direct life insurance carriers,Direct life insurance carriers,
52,524,5241X,5241XX,"524114, 52412, 52413",Finance and insurance,Insurance carriers and related activities,"Insurance carriers, except direct life","Insurance carriers, except direct life",
52,524,5242,524200,5242,Finance and insurance,Insurance carriers and related activities,"Agencies, brokerages, and other insurance related activities","Insurance agencies, brokerages, and related activities",
52,525,525,525000,525,Finance and insurance,"Funds, trusts, and other financial vehicles","Funds, trusts, and other financial vehicles","Funds, trusts, and other financial vehicles",
53,532RL,532RL,532100,5321,Real estate and rental and leasing,Rental and leasing services and lessors of intangible assets,Rental and leasing services and lessors of intangible assets,Automotive equipment rental and leasing,
53,532RL,532RL,532A00,5322-3,Real estate and rental and leasing,Rental and leasing services and lessors of intangible assets,Rental and leasing services and lessors of intangible assets,General and consumer goods rental,
53,532RL,532RL,532400,5324,Real estate and rental and leasing,Rental and leasing services and lessors of intangible assets,Rental and leasing services and lessors of intangible assets,Commercial and industrial machinery and equipment rental and leasing,
53,532RL,532RL,533000,533,Real estate and rental and leasing,Rental and leasing services and lessors of intangible assets,Rental and leasing services and lessors of intangible assets,Lessors of nonfinancial intangible assets,
53,HS,HSO,531HSO,,Real estate and rental and leasing,Housing,Owner-occupied housing,Owner-occupied housing,
53,HS,HST,531HST,531,Real estate and rental and leasing,Housing,Tenant-occupied housing,Tenant-occupied housing,
53,ORE,ORE,531ORE,531,Real estate and rental and leasing,Other real estate,Other real estate,Other real estate,
54,5411,5411,541100,5411,Professional and technical services,Legal services,Legal services,Legal services,
54,5412OP,5412,541200,5412,Professional and technical services,"Miscellaneous professional, scientific, and technical services","Accounting, tax preparation, bookkeeping, and payroll services","Accounting, tax preparation, bookkeeping, and payroll services",
54,5412OP,5413,541300,5413,Professional and technical services,"Miscellaneous professional, scientific, and technical services","Architectural, engineering, and related services","Architectural, engineering, and related services",
54,5412OP,5416,541610,54161,Professional and technical services,"Miscellaneous professional, scientific, and technical services","Management, scientific, and technical consulting services",Management consulting services,
54,5412OP,5416,5416A0,"54162, 54169",Professional and technical services,"Miscellaneous professional, scientific, and technical services","Management, scientific, and technical consulting services",Environmental and other technical consulting services,
54,5412OP,5417,541700,5417,Professional and technical services,"Miscellaneous professional, scientific, and technical services",Scientific research and development services,Scientific research and development services,
54,5412OP,5418,541800,5418,Professional and technical services,"Miscellaneous professional, scientific, and technical services","Advertising, public relations, and related services","Advertising, public relations, and related services",
54,5412OP,541X,541400,5414,Professional and technical services,"Miscellaneous professional, scientific, and technical services","Specialized design services and other professional, scientific, and technical services",Specialized design services,
54,5412OP,541X,5419A0,"54191, 54193, 54199",Professional and technical services,"Miscellaneous professional, scientific, and technical services","Specialized design services and other professional, scientific, and technical services","All other miscellaneous professional, scientific, and technical services",
54,5412OP,541X,541920,54192,Professional and technical services,"Miscellaneous professional, scientific, and technical services","Specialized design services and other professional, scientific, and technical services",Photographic services,
54,5412OP,541X,541940,54194,Professional and technical services,"Miscellaneous professional, scientific, and technical services","Specialized design services and other professional, scientific, and technical services",Veterinary services,
54,5415,5415,541511,541511,Professional and technical services,Computer systems design and related services,Computer systems design and related services,Custom computer programming services,
54,5415,5415,541512,541512,Professional and technical services,Computer systems design and related services,Computer systems design and related services,Computer systems design services,
54,5415,5415,54151A,"541513, 541519",Professional and technical services,Computer systems design and related services,Computer systems design and related services,"Other computer related services, including facilities management",
55,55,55,550000,55,Management of companies and entreprises,Management of companies and enterprises,Management of companies and enterprises,Management of companies and enterprises,
56,561,5613,561300,5613,Administrative and waste services,Administrative and support services,Employment services,Employment services,
56,561,5617,561700,5617,Administrative and waste services,Administrative and support services,Services to buildings and dwellings,Services to buildings and dwellings,
56,561,561X,561100,5611,Administrative and waste services,Administrative and support services,Other administrative and support services,Office administrative services,
56,561,561X,561200,5612,Administrative and waste services,Administrative and support services,Other administrative and support services,Facilities support services,
56,561,561X,561400,5614,Administrative and waste services,Administrative and support services,Other administrative and support services,Business support services,
56,561,561X,561500,5615,Administrative and waste services,Administrative and support services,Other administrative and support services,Travel arrangement and reservation services,
56,561,561X,561600,5616,Administrative and waste services,Administrative and support services,Other administrative and support services,Investigation and security services,
56,561,561X,561900,5619,Administrative and waste services,Administrative and support services,Other administrative and support services,Other support services,
56,562,562,562000,562,Administrative and waste services,Waste management and remediation services,Waste management and remediation services,Waste management and remediation services,
61,61,61,611100,6111,Educational services,Educational services,Educational services,Elementary and secondary schools,
61,61,61,611A00,6112-3,Educational services,Educational services,Educational services,"Junior colleges, colleges, universities, and professional schools",
61,61,61,611B00,6114-7,Educational services,Educational services,Educational services,Other educational services,
62,621,6211,621100,6211,Health care and social assistance,Ambulatory health care services,Offices of physicians,Offices of physicians,
62,621,6212,621200,6212,Health care and social assistance,Ambulatory health care services,Offices of dentists,Offices of dentists,
62,621,6213,621300,6213,Health care and social assistance,Ambulatory health care services,Offices of other health practitioners,Offices of other health practitioners,
62,621,6214,621400,6214,Health care and social assistance,Ambulatory health care services,Outpatient care centers,Outpatient care centers,
62,621,6215OH,621500,6215,Health care and social assistance,Ambulatory health care services,Other ambulatory health care services,Medical and diagnostic laboratories,
62,621,6215OH,621600,6216,Health care and social assistance,Ambulatory health care services,Other ambulatory health care services,Home health care services,
62,621,6215OH,621900,6219,Health care and social assistance,Ambulatory health care services,Other ambulatory health care services,Other ambulatory health care services,
62,622,622,622000,622,Health care and social assistance,Hospitals,Hospitals,Hospitals,
62,623,623,623A00,"6231, 6233",Health care and social assistance,Nursing and residential care facilities,Nursing and residential care facilities,Nursing and community care facilities,
62,623,623,623B00,"6232, 6239",Health care and social assistance,Nursing and residential care facilities,Nursing and residential care facilities,"Residential mental health, substance abuse, and other residential care facilities",
62,624,624,624100,6241,Health care and social assistance,Social assistance,Social assistance,Individual and family services,
62,624,624,624A00,6242-3,Health care and social assistance,Social assistance,Social assistance,"Community food, housing, and other relief services, including vocational rehabilitation services",
62,624,624,624400,6244,Health care and social assistance,Social assistance,Social assistance,Child day care services,
71,711AS,711AS,711100,7111,"Arts, entertainment, and recreation","Performing arts, spectator sports, museums, and related activities","Performing arts, spectator sports, museums, and related activities",Performing arts companies,
71,711AS,711AS,711200,7112,"Arts, entertainment, and recreation","Performing arts, spectator sports, museums, and related activities","Performing arts, spectator sports, museums, and related activities",Spectator sports,
71,711AS,711AS,711A00,7113-4,"Arts, entertainment, and recreation","Performing arts, spectator sports, museums, and related activities","Performing arts, spectator sports, museums, and related activities",Promoters of performing arts and sports and agents for public figures,
71,711AS,711AS,711500,7115,"Arts, entertainment, and recreation","Performing arts, spectator sports, museums, and related activities","Performing arts, spectator sports, museums, and related activities","Independent artists, writers, and performers",
71,711AS,711AS,712000,712,"Arts, entertainment, and recreation","Performing arts, spectator sports, museums, and related activities","Performing arts, spectator sports, museums, and related activities","Museums, historical sites, zoos, and parks",
71,713,713,713100,7131,"Arts, entertainment, and recreation","Amusements, gambling, and recreation industries","Amusements, gambling, and recreation industries",Amusement parks and arcades,
71,713,713,713200,7132,"Arts, entertainment, and recreation","Amusements, gambling, and recreation industries","Amusements, gambling, and recreation industries",Gambling industries (except casino hotels),
71,713,713,713900,7139,"Arts, entertainment, and recreation","Amusements, gambling, and recreation industries","Amusements, gambling, and recreation industries",Other amusement and recreation industries,
72,721,721,721000,721,Accommodation and food services,Accommodation,Accommodation,Accommodation,
72,722,722,722A00,"7223-4, 722514-5",Accommodation and food services,Food services and drinking places,Food services and drinking places,All other food and drinking places,
72,722,722,722110,722511,Accommodation and food services,Food services and drinking places,Food services and drinking places,Full-service restaurants,
72,722,722,722211,722513,Accommodation and food services,Food services and drinking places,Food services and drinking places,Limited-service restaurants,
81,81,811,811100,8111,"Other services, except government","Other services, except government",Repair and maintenance,Automotive repair and maintenance (including car washes),
81,81,811,811200,8112,"Other services, except government","Other services, except government",Repair and maintenance,Electronic and precision equipment repair and maintenance,
81,81,811,811300,8113,"Other services, except government","Other services, except government",Repair and maintenance,Commercial and industrial machinery and equipment repair and maintenance,
81,81,811,811400,8114,"Other services, except government","Other services, except government",Repair and maintenance,Personal and household goods repair and maintenance,
81,81,812,812100,8121,"Other services, except government","Other services, except government",Personal and laundry services,Personal care services,
81,81,812,812200,8122,"Other services, except government","Other services, except government",Personal and laundry services,Death care services,
81,81,812,812300,8123,"Other services, except government","Other services, except government",Personal and laundry services,Dry-cleaning and laundry services,
81,81,812,812900,8129,"Other services, except government","Other services, except government",Personal and laundry services,Other personal services,
81,81,813,813100,8131,"Other services, except government","Other services, except government","Religious, grantmaking, civic, professional, and similar organizations",Religious organizations,
81,81,813,813A00,"8132, 8133","Other services, except government","Other services, except government","Religious, grantmaking, civic, professional, and similar organizations","Grantmaking, giving, and social advocacy organizations",
81,81,813,813B00,"8134, 8139","Other services, except government","Other services, except government","Religious, grantmaking, civic, professional, and similar organizations","Civic, social, professional, and similar organizations",
81,81,814,814000,814,"Other services, except government","Other services, except government",Private households,Private households,
G,GFE,GFE,491000,491,Government,Federal government enterprises,Federal government enterprises,Postal service,
G,GFE,GFE,S00102,,Government,Federal government enterprises,Federal government enterprises,Other federal government enterprises,
G,GFGD,GFGD,S00500,,Government,Federal general government (defense),Federal general government (defense),Federal general government (defense),
G,GFGN,GFGN,S00600,,Government,Federal general government (nondefense),Federal general government (nondefense),Federal general government (nondefense),
G,GSLE,GSLE,S00203,,Government,State and local government enterprises,State and local government enterprises,Other state and local government enterprises,
G,GSLG,GSLGE,GSLGE,,Government,State and local general government,State and local government (educational services),State and local government (educational services),
G,GSLG,GSLGH,GSLGH,,Government,State and local general government,State and local government (hospitals and health services),State and local government (hospitals and health services),
G,GSLG,GSLGO,GSLGO,,Government,State and local general government,State and local government (other services),State and local government (other services),
